Time,CORE_BOTTOM:DENVER-AURORA-BUCKLEY.AFB_CO_USA ANN HTG 99.6% CONDNS DB:Des Heat Load [W],CORE_BOTTOM:DENVER-AURORA-BUCKLEY.AFB_CO_USA ANN CLG .4% CONDNS DB=>MWB:Des Sens Cool Load [W],CORE_BOTTOM:DENVER-AURORA-BUCKLEY.AFB_CO_USA ANN HTG 99.6% CONDNS DB:Des Heat Mass Flow [kg/s],CORE_BOTTOM:DENVER-AURORA-BUCKLEY.AFB_CO_USA ANN CLG .4% CONDNS DB=>MWB:Des Cool Mass Flow [kg/s],CORE_MID:DENVER-AURORA-BUCKLEY.AFB_CO_USA ANN HTG 99.6% CONDNS DB:Des Heat Load [W],CORE_MID:DENVER-AURORA-BUCKLEY.AFB_CO_USA ANN CLG .4% CONDNS DB=>MWB:Des Sens Cool Load [W],CORE_MID:DENVER-AURORA-BUCKLEY.AFB_CO_USA ANN HTG 99.6% CONDNS DB:Des Heat Mass Flow [kg/s],CORE_MID:DENVER-AURORA-BUCKLEY.AFB_CO_USA ANN CLG .4% CONDNS DB=>MWB:Des Cool Mass Flow [kg/s],CORE_TOP:DENVER-AURORA-BUCKLEY.AFB_CO_USA ANN HTG 99.6% CONDNS DB:Des Heat Load [W],CORE_TOP:DENVER-AURORA-BUCKLEY.AFB_CO_USA ANN CLG .4% CONDNS DB=>MWB:Des Sens Cool Load [W],CORE_TOP:DENVER-AURORA-BUCKLEY.AFB_CO_USA ANN HTG 99.6% CONDNS DB:Des Heat Mass Flow [kg/s],CORE_TOP:DENVER-AURORA-BUCKLEY.AFB_CO_USA ANN CLG .4% CONDNS DB=>MWB:Des Cool Mass Flow [kg/s],PERIMETER_TOP_ZN_3:DENVER-AURORA-BUCKLEY.AFB_CO_USA ANN HTG 99.6% CONDNS DB:Des Heat Load [W],PERIMETER_TOP_ZN_3:DENVER-AURORA-BUCKLEY.AFB_CO_USA ANN CLG .4% CONDNS DB=>MWB:Des Sens Cool Load [W],PERIMETER_TOP_ZN_3:DENVER-AURORA-BUCKLEY.AFB_CO_USA ANN HTG 99.6% CONDNS DB:Des Heat Mass Flow [kg/s],PERIMETER_TOP_ZN_3:DENVER-AURORA-BUCKLEY.AFB_CO_USA ANN CLG .4% CONDNS DB=>MWB:Des Cool Mass Flow [kg/s],PERIMETER_TOP_ZN_2:DENVER-AURORA-BUCKLEY.AFB_CO_USA ANN HTG 99.6% CONDNS DB:Des Heat Load [W],PERIMETER_TOP_ZN_2:DENVER-AURORA-BUCKLEY.AFB_CO_USA ANN CLG .4% CONDNS DB=>MWB:Des Sens Cool Load [W],PERIMETER_TOP_ZN_2:DENVER-AURORA-BUCKLEY.AFB_CO_USA ANN HTG 99.6% CONDNS DB:Des Heat Mass Flow [kg/s],PERIMETER_TOP_ZN_2:DENVER-AURORA-BUCKLEY.AFB_CO_USA ANN CLG .4% CONDNS DB=>MWB:Des Cool Mass Flow [kg/s],PERIMETER_TOP_ZN_1:DENVER-AURORA-BUCKLEY.AFB_CO_USA ANN HTG 99.6% CONDNS DB:Des Heat Load [W],PERIMETER_TOP_ZN_1:DENVER-AURORA-BUCKLEY.AFB_CO_USA ANN CLG .4% CONDNS DB=>MWB:Des Sens Cool Load [W],PERIMETER_TOP_ZN_1:DENVER-AURORA-BUCKLEY.AFB_CO_USA ANN HTG 99.6% CONDNS DB:Des Heat Mass Flow [kg/s],PERIMETER_TOP_ZN_1:DENVER-AURORA-BUCKLEY.AFB_CO_USA ANN CLG .4% CONDNS DB=>MWB:Des Cool Mass Flow [kg/s],PERIMETER_TOP_ZN_4:DENVER-AURORA-BUCKLEY.AFB_CO_USA ANN HTG 99.6% CONDNS DB:Des Heat Load [W],PERIMETER_TOP_ZN_4:DENVER-AURORA-BUCKLEY.AFB_CO_USA ANN CLG .4% CONDNS DB=>MWB:Des Sens Cool Load [W],PERIMETER_TOP_ZN_4:DENVER-AURORA-BUCKLEY.AFB_CO_USA ANN HTG 99.6% CONDNS DB:Des Heat Mass Flow [kg/s],PERIMETER_TOP_ZN_4:DENVER-AURORA-BUCKLEY.AFB_CO_USA ANN CLG .4% CONDNS DB=>MWB:Des Cool Mass Flow [kg/s],PERIMETER_BOT_ZN_3:DENVER-AURORA-BUCKLEY.AFB_CO_USA ANN HTG 99.6% CONDNS DB:Des Heat Load [W],PERIMETER_BOT_ZN_3:DENVER-AURORA-BUCKLEY.AFB_CO_USA ANN CLG .4% CONDNS DB=>MWB:Des Sens Cool Load [W],PERIMETER_BOT_ZN_3:DENVER-AURORA-BUCKLEY.AFB_CO_USA ANN HTG 99.6% CONDNS DB:Des Heat Mass Flow [kg/s],PERIMETER_BOT_ZN_3:DENVER-AURORA-BUCKLEY.AFB_CO_USA ANN CLG .4% CONDNS DB=>MWB:Des Cool Mass Flow [kg/s],PERIMETER_BOT_ZN_2:DENVER-AURORA-BUCKLEY.AFB_CO_USA ANN HTG 99.6% CONDNS DB:Des Heat Load [W],PERIMETER_BOT_ZN_2:DENVER-AURORA-BUCKLEY.AFB_CO_USA ANN CLG .4% CONDNS DB=>MWB:Des Sens Cool Load [W],PERIMETER_BOT_ZN_2:DENVER-AURORA-BUCKLEY.AFB_CO_USA ANN HTG 99.6% CONDNS DB:Des Heat Mass Flow [kg/s],PERIMETER_BOT_ZN_2:DENVER-AURORA-BUCKLEY.AFB_CO_USA ANN CLG .4% CONDNS DB=>MWB:Des Cool Mass Flow [kg/s],PERIMETER_BOT_ZN_1:DENVER-AURORA-BUCKLEY.AFB_CO_USA ANN HTG 99.6% CONDNS DB:Des Heat Load [W],PERIMETER_BOT_ZN_1:DENVER-AURORA-BUCKLEY.AFB_CO_USA ANN CLG .4% CONDNS DB=>MWB:Des Sens Cool Load [W],PERIMETER_BOT_ZN_1:DENVER-AURORA-BUCKLEY.AFB_CO_USA ANN HTG 99.6% CONDNS DB:Des Heat Mass Flow [kg/s],PERIMETER_BOT_ZN_1:DENVER-AURORA-BUCKLEY.AFB_CO_USA ANN CLG .4% CONDNS DB=>MWB:Des Cool Mass Flow [kg/s],PERIMETER_BOT_ZN_4:DENVER-AURORA-BUCKLEY.AFB_CO_USA ANN HTG 99.6% CONDNS DB:Des Heat Load [W],PERIMETER_BOT_ZN_4:DENVER-AURORA-BUCKLEY.AFB_CO_USA ANN CLG .4% CONDNS DB=>MWB:Des Sens Cool Load [W],PERIMETER_BOT_ZN_4:DENVER-AURORA-BUCKLEY.AFB_CO_USA ANN HTG 99.6% CONDNS DB:Des Heat Mass Flow [kg/s],PERIMETER_BOT_ZN_4:DENVER-AURORA-BUCKLEY.AFB_CO_USA ANN CLG .4% CONDNS DB=>MWB:Des Cool Mass Flow [kg/s],PERIMETER_MID_ZN_3:DENVER-AURORA-BUCKLEY.AFB_CO_USA ANN HTG 99.6% CONDNS DB:Des Heat Load [W],PERIMETER_MID_ZN_3:DENVER-AURORA-BUCKLEY.AFB_CO_USA ANN CLG .4% CONDNS DB=>MWB:Des Sens Cool Load [W],PERIMETER_MID_ZN_3:DENVER-AURORA-BUCKLEY.AFB_CO_USA ANN HTG 99.6% CONDNS DB:Des Heat Mass Flow [kg/s],PERIMETER_MID_ZN_3:DENVER-AURORA-BUCKLEY.AFB_CO_USA ANN CLG .4% CONDNS DB=>MWB:Des Cool Mass Flow [kg/s],PERIMETER_MID_ZN_2:DENVER-AURORA-BUCKLEY.AFB_CO_USA ANN HTG 99.6% CONDNS DB:Des Heat Load [W],PERIMETER_MID_ZN_2:DENVER-AURORA-BUCKLEY.AFB_CO_USA ANN CLG .4% CONDNS DB=>MWB:Des Sens Cool Load [W],PERIMETER_MID_ZN_2:DENVER-AURORA-BUCKLEY.AFB_CO_USA ANN HTG 99.6% CONDNS DB:Des Heat Mass Flow [kg/s],PERIMETER_MID_ZN_2:DENVER-AURORA-BUCKLEY.AFB_CO_USA ANN CLG .4% CONDNS DB=>MWB:Des Cool Mass Flow [kg/s],PERIMETER_MID_ZN_1:DENVER-AURORA-BUCKLEY.AFB_CO_USA ANN HTG 99.6% CONDNS DB:Des Heat Load [W],PERIMETER_MID_ZN_1:DENVER-AURORA-BUCKLEY.AFB_CO_USA ANN CLG .4% CONDNS DB=>MWB:Des Sens Cool Load [W],PERIMETER_MID_ZN_1:DENVER-AURORA-BUCKLEY.AFB_CO_USA ANN HTG 99.6% CONDNS DB:Des Heat Mass Flow [kg/s],PERIMETER_MID_ZN_1:DENVER-AURORA-BUCKLEY.AFB_CO_USA ANN CLG .4% CONDNS DB=>MWB:Des Cool Mass Flow [kg/s],PERIMETER_MID_ZN_4:DENVER-AURORA-BUCKLEY.AFB_CO_USA ANN HTG 99.6% CONDNS DB:Des Heat Load [W],PERIMETER_MID_ZN_4:DENVER-AURORA-BUCKLEY.AFB_CO_USA ANN CLG .4% CONDNS DB=>MWB:Des Sens Cool Load [W],PERIMETER_MID_ZN_4:DENVER-AURORA-BUCKLEY.AFB_CO_USA ANN HTG 99.6% CONDNS DB:Des Heat Mass Flow [kg/s],PERIMETER_MID_ZN_4:DENVER-AURORA-BUCKLEY.AFB_CO_USA ANN CLG .4% CONDNS DB=>MWB:Des Cool Mass Flow [kg/s]
00:15:00,0.000000E+00,1.816083E+04,0.000000E+00,1.280243E+00,0.000000E+00,6.529447E+03,0.000000E+00,4.604853E-01,0.000000E+00,6.122117E+03,0.000000E+00,4.317703E-01,9.180662E+02,7.605430E+02,3.693174E-02,5.369865E-02,7.244395E+02,5.110452E+02,2.913554E-02,3.607261E-02,1.004695E+03,8.130832E+02,4.041347E-02,5.739122E-02,7.244694E+02,7.271068E+02,2.913673E-02,5.127304E-02,0.000000E+00,2.979633E+02,0.000000E+00,2.102563E-02,0.000000E+00,2.018126E+02,0.000000E+00,1.424635E-02,0.000000E+00,3.344070E+02,0.000000E+00,2.361217E-02,0.000000E+00,3.308565E+02,0.000000E+00,2.337240E-02,2.002291E+01,8.641495E+02,8.064980E-04,6.098846E-02,8.744768E+01,5.774268E+02,3.515556E-03,4.075089E-02,6.427087E+01,9.166700E+02,2.584563E-03,6.469327E-02,8.748356E+01,8.071350E+02,3.516997E-03,5.691706E-02
00:30:00,0.000000E+00,1.876601E+04,0.000000E+00,1.322813E+00,0.000000E+00,7.104664E+03,0.000000E+00,5.008781E-01,0.000000E+00,6.659320E+03,0.000000E+00,4.694590E-01,1.168158E+03,8.543664E+02,4.698261E-02,6.030315E-02,9.057470E+02,5.704938E+02,3.642197E-02,4.026006E-02,1.266338E+03,9.062433E+02,5.092854E-02,6.395380E-02,9.057787E+02,7.934901E+02,3.642324E-02,5.593367E-02,0.000000E+00,3.521280E+02,0.000000E+00,2.484358E-02,0.000000E+00,2.379086E+02,0.000000E+00,1.679067E-02,0.000000E+00,3.936080E+02,0.000000E+00,2.778512E-02,0.000000E+00,3.841910E+02,0.000000E+00,2.713182E-02,6.184220E+01,9.642382E+02,2.487271E-03,6.804230E-02,1.425290E+02,6.424607E+02,5.729303E-03,4.532905E-02,1.244545E+02,1.018795E+03,5.003394E-03,7.188125E-02,1.425743E+02,8.814074E+02,5.731120E-03,6.213541E-02
00:45:00,0.000000E+00,1.913745E+04,0.000000E+00,1.348990E+00,0.000000E+00,7.500067E+03,0.000000E+00,5.286791E-01,0.000000E+00,7.020431E+03,0.000000E+00,4.948690E-01,1.434618E+03,9.249307E+02,5.769117E-02,6.522485E-02,1.089868E+03,6.150324E+02,4.382007E-02,4.336788E-02,1.543486E+03,9.759196E+02,6.206659E-02,6.881477E-02,1.089893E+03,8.302996E+02,4.382106E-02,5.852514E-02,0.000000E+00,4.069641E+02,0.000000E+00,2.870885E-02,0.000000E+00,2.742209E+02,0.000000E+00,1.935024E-02,0.000000E+00,4.532517E+02,0.000000E+00,3.198926E-02,0.000000E+00,4.269565E+02,0.000000E+00,3.012788E-02,1.163206E+02,1.043054E+03,4.676801E-03,7.354661E-02,2.069825E+02,6.936421E+02,8.319696E-03,4.890672E-02,2.005771E+02,1.099096E+03,8.062802E-03,7.749387E-02,2.070367E+02,9.252555E+02,8.321874E-03,6.521862E-02
01:00:00,0.000000E+00,1.936551E+04,0.000000E+00,1.365061E+00,0.000000E+00,7.774049E+03,0.000000E+00,5.479906E-01,0.000000E+00,7.264655E+03,0.000000E+00,5.120834E-01,1.690765E+03,9.450695E+02,6.797080E-02,6.661497E-02,1.246155E+03,6.282353E+02,5.008829E-02,4.428224E-02,1.785134E+03,9.973531E+02,7.175750E-02,7.030024E-02,1.246172E+03,8.474136E+02,5.008897E-02,5.973115E-02,0.000000E+00,4.248820E+02,0.000000E+00,2.994904E-02,0.000000E+00,2.839396E+02,0.000000E+00,2.001430E-02,0.000000E+00,4.666198E+02,0.000000E+00,3.289107E-02,0.000000E+00,4.258470E+02,0.000000E+00,3.001705E-02,1.853912E+02,1.075762E+03,7.452787E-03,7.582739E-02,2.794398E+02,7.146853E+02,1.123174E-02,5.037603E-02,2.892627E+02,1.132905E+03,1.162709E-02,7.985519E-02,2.795027E+02,9.473152E+02,1.123427E-02,6.677318E-02
01:15:00,0.000000E+00,1.953435E+04,0.000000E+00,1.376957E+00,0.000000E+00,7.977201E+03,0.000000E+00,5.623099E-01,0.000000E+00,7.439996E+03,0.000000E+00,5.244425E-01,1.868661E+03,9.564799E+02,7.509933E-02,6.741895E-02,1.363183E+03,6.356692E+02,5.478425E-02,4.480602E-02,1.961361E+03,1.009625E+03,7.882457E-02,7.116495E-02,1.363199E+03,8.533821E+02,5.478489E-02,6.015157E-02,0.000000E+00,4.125757E+02,0.000000E+00,2.908155E-02,0.000000E+00,2.764955E+02,0.000000E+00,1.948955E-02,0.000000E+00,4.549164E+02,0.000000E+00,3.206606E-02,0.000000E+00,4.226354E+02,0.000000E+00,2.979060E-02,2.661458E+02,1.097618E+03,1.069833E-02,7.736761E-02,3.590292E+02,7.279747E+02,1.443041E-02,5.131254E-02,3.891270E+02,1.154405E+03,1.564064E-02,8.137031E-02,3.591005E+02,9.576175E+02,1.443327E-02,6.749906E-02
01:30:00,0.000000E+00,1.967870E+04,0.000000E+00,1.387125E+00,0.000000E+00,8.132979E+03,0.000000E+00,5.732888E-01,0.000000E+00,7.567010E+03,0.000000E+00,5.333940E-01,2.017467E+03,9.680107E+02,8.107894E-02,6.823140E-02,1.458084E+03,6.415264E+02,5.859759E-02,4.521867E-02,2.103955E+03,1.019535E+03,8.455447E-02,7.186315E-02,1.458099E+03,8.511880E+02,5.859819E-02,5.999663E-02,0.000000E+00,4.326769E+02,0.000000E+00,3.049838E-02,0.000000E+00,2.871547E+02,0.000000E+00,2.024085E-02,0.000000E+00,4.722013E+02,0.000000E+00,3.328437E-02,0.000000E+00,4.235505E+02,0.000000E+00,2.985502E-02,3.572944E+02,1.116260E+03,1.436159E-02,7.868131E-02,4.450035E+02,7.382485E+02,1.788566E-02,5.203646E-02,4.990080E+02,1.171162E+03,2.005672E-02,8.255110E-02,4.450830E+02,9.596511E+02,1.788885E-02,6.764208E-02
01:45:00,0.000000E+00,1.980396E+04,0.000000E+00,1.395949E+00,0.000000E+00,8.270473E+03,0.000000E+00,5.829786E-01,0.000000E+00,7.675752E+03,0.000000E+00,5.410573E-01,2.155756E+03,9.725667E+02,8.663595E-02,6.855225E-02,1.541507E+03,6.428713E+02,6.194968E-02,4.531327E-02,2.233314E+03,1.022543E+03,8.975244E-02,7.207480E-02,1.541519E+03,8.454343E+02,6.195016E-02,5.959083E-02,0.000000E+00,4.375131E+02,0.000000E+00,3.083923E-02,0.000000E+00,2.888836E+02,0.000000E+00,2.036268E-02,0.000000E+00,4.754803E+02,0.000000E+00,3.351544E-02,0.000000E+00,4.195450E+02,0.000000E+00,2.957260E-02,4.578565E+02,1.127876E+03,1.840315E-02,7.949971E-02,5.214435E+02,7.439384E+02,2.095673E-02,5.243731E-02,6.179959E+02,1.180933E+03,2.483878E-02,8.323949E-02,5.215130E+02,9.578989E+02,2.095953E-02,6.751830E-02
02:00:00,0.000000E+00,1.991491E+04,0.000000E+00,1.403765E+00,0.000000E+00,8.394327E+03,0.000000E+00,5.917070E-01,0.000000E+00,7.770339E+03,0.000000E+00,5.477230E-01,2.272989E+03,9.737184E+02,9.134669E-02,6.863318E-02,1.613674E+03,6.418416E+02,6.484947E-02,4.524052E-02,2.344497E+03,1.021946E+03,9.422003E-02,7.203252E-02,1.613683E+03,8.372198E+02,6.484986E-02,5.901162E-02,0.000000E+00,4.394370E+02,0.000000E+00,3.097478E-02,0.000000E+00,2.885757E+02,0.000000E+00,2.034094E-02,0.000000E+00,4.757253E+02,0.000000E+00,3.353264E-02,0.000000E+00,4.140252E+02,0.000000E+00,2.918344E-02,5.670621E+02,1.135804E+03,2.279207E-02,8.005822E-02,5.897847E+02,7.470883E+02,2.370322E-02,5.265913E-02,7.260404E+02,1.186877E+03,2.917954E-02,8.365812E-02,5.898555E+02,9.535829E+02,2.370606E-02,6.721385E-02
02:15:00,0.000000E+00,2.002858E+04,0.000000E+00,1.411774E+00,0.000000E+00,8.521680E+03,0.000000E+00,6.006822E-01,0.000000E+00,7.867587E+03,0.000000E+00,5.545763E-01,2.376641E+03,9.753468E+02,9.551165E-02,6.874774E-02,1.678576E+03,6.409726E+02,6.745737E-02,4.517913E-02,2.444528E+03,1.021710E+03,9.823953E-02,7.201564E-02,1.678584E+03,8.292394E+02,6.745770E-02,5.844895E-02,0.000000E+00,4.421321E+02,0.000000E+00,3.116470E-02,0.000000E+00,2.887526E+02,0.000000E+00,2.035336E-02,0.000000E+00,4.768590E+02,0.000000E+00,3.361248E-02,0.000000E+00,4.092978E+02,0.000000E+00,2.885016E-02,6.642743E+02,1.144092E+03,2.669717E-02,8.064216E-02,6.484953E+02,7.503318E+02,2.606262E-02,5.288759E-02,8.162808E+02,1.193102E+03,3.280611E-02,8.409667E-02,6.485625E+02,9.494794E+02,2.606532E-02,6.692441E-02
02:30:00,0.000000E+00,2.013389E+04,0.000000E+00,1.419194E+00,0.000000E+00,8.641152E+03,0.000000E+00,6.091019E-01,0.000000E+00,7.956166E+03,0.000000E+00,5.608185E-01,2.469006E+03,9.754000E+02,9.922307E-02,6.875129E-02,1.738013E+03,6.390225E+02,6.984573E-02,4.504155E-02,2.536008E+03,1.019830E+03,1.019155E-01,7.188294E-02,1.738020E+03,8.203341E+02,6.984600E-02,5.782112E-02,0.000000E+00,4.435652E+02,0.000000E+00,3.126566E-02,1.321452E+00,2.881433E+02,5.320145E-05,2.031038E-02,0.000000E+00,4.767657E+02,0.000000E+00,3.360585E-02,1.348567E+00,4.040361E+02,5.429282E-05,2.847921E-02,7.471917E+02,1.150752E+03,3.002945E-02,8.111136E-02,7.001025E+02,7.524629E+02,2.813653E-02,5.303765E-02,8.985791E+02,1.197657E+03,3.611346E-02,8.441745E-02,7.001679E+02,9.444528E+02,2.813915E-02,6.656995E-02
02:45:00,0.000000E+00,2.023227E+04,0.000000E+00,1.426126E+00,0.000000E+00,8.754153E+03,0.000000E+00,6.170656E-01,0.000000E+00,8.037571E+03,0.000000E+00,5.665553E-01,2.553423E+03,9.744464E+02,1.026151E-01,6.868390E-02,1.793467E+03,6.363948E+02,7.207406E-02,4.485623E-02,2.621097E+03,1.016909E+03,1.053346E-01,7.167684E-02,1.793472E+03,8.109557E+02,7.207429E-02,5.715997E-02,0.000000E+00,4.442352E+02,0.000000E+00,3.131283E-02,1.166389E+01,2.870929E+02,4.688779E-04,2.023630E-02,0.000000E+00,4.759655E+02,0.000000E+00,3.354938E-02,1.170040E+01,3.985594E+02,4.703471E-04,2.809312E-02,8.245460E+02,1.156388E+03,3.313813E-02,8.150843E-02,7.467089E+02,7.539050E+02,3.000944E-02,5.313916E-02,9.718481E+02,1.201168E+03,3.905791E-02,8.466472E-02,7.467727E+02,9.389648E+02,3.001200E-02,6.618298E-02
03:00:00,0.000000E+00,2.032497E+04,0.000000E+00,1.432659E+00,0.000000E+00,8.861881E+03,0.000000E+00,6.246578E-01,0.000000E+00,8.113132E+03,0.000000E+00,5.718803E-01,2.631180E+03,9.729650E+02,1.057396E-01,6.857934E-02,1.845699E+03,6.334260E+02,7.417298E-02,4.464689E-02,2.701326E+03,1.013447E+03,1.085586E-01,7.143271E-02,1.845703E+03,8.014671E+02,7.417317E-02,5.649108E-02,0.000000E+00,4.445328E+02,0.000000E+00,3.133375E-02,2.536610E+01,2.858671E+02,1.019584E-03,2.014987E-02,0.000000E+00,4.748193E+02,0.000000E+00,3.346853E-02,2.541958E+01,3.930812E+02,1.021735E-03,2.770693E-02,8.940626E+02,1.161491E+03,3.593179E-02,8.186790E-02,7.894635E+02,7.549995E+02,3.172755E-02,5.321620E-02,1.039131E+03,1.204142E+03,4.176174E-02,8.487417E-02,7.895259E+02,9.333751E+02,3.173005E-02,6.578889E-02
03:15:00,0.000000E+00,2.041320E+04,0.000000E+00,1.438877E+00,0.000000E+00,8.965532E+03,0.000000E+00,6.319629E-01,0.000000E+00,8.184085E+03,0.000000E+00,5.768806E-01,2.703562E+03,9.706592E+02,1.086482E-01,6.841670E-02,1.895599E+03,6.299258E+02,7.617823E-02,4.440011E-02,2.778492E+03,1.009171E+03,1.116595E-01,7.113116E-02,1.895603E+03,7.916798E+02,7.617839E-02,5.580115E-02,0.000000E+00,4.442126E+02,0.000000E+00,3.131114E-02,4.460702E+01,2.842838E+02,1.792895E-03,2.003824E-02,0.000000E+00,4.730867E+02,0.000000E+00,3.334636E-02,4.467468E+01,3.874194E+02,1.795616E-03,2.730780E-02,9.583489E+02,1.165815E+03,3.851523E-02,8.217256E-02,8.290422E+02,7.555897E+02,3.331802E-02,5.325771E-02,1.101514E+03,1.206353E+03,4.426868E-02,8.502988E-02,8.291032E+02,9.275249E+02,3.332047E-02,6.537645E-02
03:30:00,0.000000E+00,2.049749E+04,0.000000E+00,1.444818E+00,0.000000E+00,9.065602E+03,0.000000E+00,6.390157E-01,0.000000E+00,8.251114E+03,0.000000E+00,5.816045E-01,2.772210E+03,9.677702E+02,1.114067E-01,6.821297E-02,1.944692E+03,6.260631E+02,7.815110E-02,4.412779E-02,2.854810E+03,1.004338E+03,1.147264E-01,7.079039E-02,1.944695E+03,7.817710E+02,7.815123E-02,5.510268E-02,0.000000E+00,4.434707E+02,0.000000E+00,3.125880E-02,6.829292E+01,2.824599E+02,2.744850E-03,1.990965E-02,1.339143E+01,4.709611E+02,5.382137E-04,3.319648E-02,6.837425E+01,3.816890E+02,2.748120E-03,2.690385E-02,1.018428E+03,1.169586E+03,4.092957E-02,8.243825E-02,8.660149E+02,7.558336E+02,3.480376E-02,5.327483E-02,1.159894E+03,1.208039E+03,4.661472E-02,8.514860E-02,8.660747E+02,9.215754E+02,3.480617E-02,6.495703E-02
03:45:00,0.000000E+00,2.057823E+04,0.000000E+00,1.450509E+00,0.000000E+00,9.162446E+03,0.000000E+00,6.458413E-01,0.000000E+00,8.314739E+03,0.000000E+00,5.860886E-01,2.838004E+03,9.644898E+02,1.140507E-01,6.798166E-02,1.991953E+03,6.219727E+02,8.005042E-02,4.383942E-02,2.928435E+03,9.991466E+02,1.176853E-01,7.042442E-02,1.991956E+03,7.718759E+02,8.005053E-02,5.440519E-02,0.000000E+00,4.424412E+02,0.000000E+00,3.118619E-02,9.609260E+01,2.804818E+02,3.862135E-03,1.977020E-02,3.068520E+01,4.685826E+02,1.233269E-03,3.302879E-02,9.618722E+01,3.759708E+02,3.865940E-03,2.650076E-02,1.075039E+03,1.172974E+03,4.320453E-02,8.267696E-02,9.008051E+02,7.558521E+02,3.620179E-02,5.327607E-02,1.214938E+03,1.209376E+03,4.882668E-02,8.524273E-02,9.008637E+02,9.156451E+02,3.620415E-02,6.453898E-02
04:00:00,0.000000E+00,2.065541E+04,0.000000E+00,1.455949E+00,0.000000E+00,9.255948E+03,0.000000E+00,6.524313E-01,0.000000E+00,8.375258E+03,0.000000E+00,5.903538E-01,2.901900E+03,9.609837E+02,1.166184E-01,6.773447E-02,2.037634E+03,6.177745E+02,8.188623E-02,4.354348E-02,2.999872E+03,9.937745E+02,1.205561E-01,7.004570E-02,2.037636E+03,7.621262E+02,8.188630E-02,5.371795E-02,0.000000E+00,4.412173E+02,0.000000E+00,3.109989E-02,1.277390E+02,2.784154E+02,5.134019E-03,1.962452E-02,5.566241E+01,4.660511E+02,2.237128E-03,3.285031E-02,1.278466E+02,3.703290E+02,5.138345E-03,2.610307E-02,1.128728E+03,1.176083E+03,4.536204E-02,8.289597E-02,9.337245E+02,7.557263E+02,3.752465E-02,5.326715E-02,1.267141E+03,1.210477E+03,5.092445E-02,8.532020E-02,9.337820E+02,9.098237E+02,3.752695E-02,6.412862E-02
04:15:00,0.000000E+00,2.072935E+04,0.000000E+00,1.461160E+00,0.000000E+00,9.346530E+03,0.000000E+00,6.588158E-01,0.000000E+00,8.433114E+03,0.000000E+00,5.944315E-01,2.964965E+03,9.573649E+02,1.191528E-01,6.747934E-02,2.081849E+03,6.135449E+02,8.366312E-02,4.324533E-02,3.069281E+03,9.883342E+02,1.233455E-01,6.966220E-02,2.081851E+03,7.525832E+02,8.366318E-02,5.304530E-02,3.326307E+00,4.398793E+02,1.338273E-04,3.100554E-02,1.630048E+02,2.763121E+02,6.551359E-03,1.947625E-02,8.669898E+01,4.634457E+02,3.484513E-03,3.266663E-02,1.631251E+02,3.647944E+02,6.556197E-03,2.571293E-02,1.179890E+03,1.179013E+03,4.741801E-02,8.310246E-02,9.649969E+02,7.555251E+02,3.878131E-02,5.325293E-02,1.316870E+03,1.211442E+03,5.292283E-02,8.538818E-02,9.650531E+02,9.041642E+02,3.878357E-02,6.372968E-02
04:30:00,0.000000E+00,2.080078E+04,0.000000E+00,1.466195E+00,0.000000E+00,9.434549E+03,0.000000E+00,6.650196E-01,0.000000E+00,8.488641E+03,0.000000E+00,5.983450E-01,3.027898E+03,9.537188E+02,1.216820E-01,6.722230E-02,2.124774E+03,6.093401E+02,8.538818E-02,4.294893E-02,3.136955E+03,9.829105E+02,1.260652E-01,6.927986E-02,2.124775E+03,7.432874E+02,8.538820E-02,5.239007E-02,1.599625E+01,4.384983E+02,6.430488E-04,3.090817E-02,2.003729E+02,2.742169E+02,8.053099E-03,1.932855E-02,1.233728E+02,4.608361E+02,4.958456E-03,3.248266E-02,2.004787E+02,3.593828E+02,8.057348E-03,2.533146E-02,1.228886E+03,1.181855E+03,4.938695E-02,8.330267E-02,9.948215E+02,7.553070E+02,3.997980E-02,5.323753E-02,1.364428E+03,1.212360E+03,5.483393E-02,8.545283E-02,9.948765E+02,8.987080E+02,3.998201E-02,6.334507E-02
04:45:00,0.000000E+00,2.086996E+04,0.000000E+00,1.471072E+00,0.000000E+00,9.520193E+03,0.000000E+00,6.710561E-01,0.000000E+00,8.542068E+03,0.000000E+00,6.021106E-01,3.089647E+03,9.501150E+02,1.241637E-01,6.696825E-02,2.166519E+03,6.052072E+02,8.706583E-02,4.265760E-02,3.203128E+03,9.775731E+02,1.287246E-01,6.890362E-02,2.166519E+03,7.342742E+02,8.706583E-02,5.175476E-02,3.321358E+01,4.371287E+02,1.335032E-03,3.081160E-02,2.319707E+02,2.721648E+02,9.323000E-03,1.918389E-02,1.653459E+02,4.582761E+02,6.645378E-03,3.230219E-02,2.320794E+02,3.541095E+02,9.327367E-03,2.495975E-02,1.275984E+03,1.184671E+03,5.127958E-02,8.350111E-02,1.023323E+03,7.551156E+02,4.112510E-02,5.322401E-02,1.410006E+03,1.213295E+03,5.666547E-02,8.551869E-02,1.023376E+03,8.934868E+02,4.112726E-02,6.297704E-02
05:00:00,0.000000E+00,2.093830E+04,0.000000E+00,1.475889E+00,0.000000E+00,9.604920E+03,0.000000E+00,6.770281E-01,0.000000E+00,8.594429E+03,0.000000E+00,6.058012E-01,3.150357E+03,9.553792E+02,1.266035E-01,6.733926E-02,2.207181E+03,6.145243E+02,8.869997E-02,4.331429E-02,3.267986E+03,9.720487E+02,1.313311E-01,6.851421E-02,2.207181E+03,7.294790E+02,8.869994E-02,5.141677E-02,5.680838E+01,4.442915E+02,2.283329E-03,3.131646E-02,2.633023E+02,2.826107E+02,1.058220E-02,1.992017E-02,2.123295E+02,4.556643E+02,8.533667E-03,3.211806E-02,2.634062E+02,3.523138E+02,1.058637E-02,2.483316E-02,1.321368E+03,1.197019E+03,5.310336E-02,8.437140E-02,1.050632E+03,7.692694E+02,4.222252E-02,5.422160E-02,1.453734E+03,1.214008E+03,5.842269E-02,8.556893E-02,1.050685E+03,8.926371E+02,4.222463E-02,6.291713E-02
05:15:00,0.000000E+00,2.100838E+04,0.000000E+00,1.480828E+00,0.000000E+00,9.691045E+03,0.000000E+00,6.830985E-01,1.564129E+03,8.648683E+03,6.583767E-02,6.096252E-01,3.742822E+03,9.775087E+02,1.524592E-01,6.889897E-02,2.592556E+03,6.598788E+02,1.055892E-01,4.651098E-02,3.886185E+03,9.659836E+02,1.583369E-01,6.808669E-02,2.592542E+03,7.260945E+02,1.055886E-01,5.117819E-02,6.626519E+02,4.690883E+02,2.758822E-02,3.306424E-02,6.493919E+02,3.204535E+02,2.676458E-02,2.258750E-02,8.301904E+02,4.525473E+02,3.435536E-02,3.189834E-02,6.494739E+02,3.515654E+02,2.676789E-02,2.478039E-02,1.867330E+03,1.227122E+03,7.623147E-02,8.649315E-02,1.376611E+03,8.209397E+02,5.609967E-02,5.786347E-02,1.974574E+03,1.214006E+03,8.051921E-02,8.556875E-02,1.376642E+03,8.931987E+02,5.610092E-02,6.295669E-02
05:30:00,0.000000E+00,2.108453E+04,0.000000E+00,1.486196E+00,0.000000E+00,9.782657E+03,0.000000E+00,6.895559E-01,1.802062E+03,8.710138E+03,7.625435E-02,6.139568E-01,4.061235E+03,1.032378E+03,1.677446E-01,7.276628E-02,2.808577E+03,7.755141E+02,1.159915E-01,5.466102E-02,4.214673E+03,9.629311E+02,1.741121E-01,6.787151E-02,2.808564E+03,7.256170E+02,1.159909E-01,5.114451E-02,8.441596E+02,5.186603E+02,3.553411E-02,3.655827E-02,7.788973E+02,4.236991E+02,3.251893E-02,2.986455E-02,1.026383E+03,4.520988E+02,4.299217E-02,3.186670E-02,7.789824E+02,3.531894E+02,3.252242E-02,2.489484E-02,2.059788E+03,1.291189E+03,8.519958E-02,9.100878E-02,1.510726E+03,9.461861E+02,6.241229E-02,6.669103E-02,2.172653E+03,1.216688E+03,8.979460E-02,8.575773E-02,1.510761E+03,8.964759E+02,6.241377E-02,6.318765E-02
05:45:00,0.000000E+00,2.117088E+04,0.000000E+00,1.492283E+00,0.000000E+00,9.883689E+03,0.000000E+00,6.966772E-01,2.897309E+03,8.784588E+03,1.242041E-01,6.192044E-01,4.548448E+03,1.117243E+03,1.904455E-01,7.874757E-02,3.127221E+03,9.704957E+02,1.309037E-01,6.840301E-02,4.708548E+03,9.676896E+02,1.971553E-01,6.820688E-02,3.127199E+03,7.268660E+02,1.309028E-01,5.123251E-02,1.254822E+03,5.920005E+02,5.351112E-02,4.172751E-02,1.044459E+03,5.989463E+02,4.424357E-02,4.221616E-02,1.443046E+03,4.579137E+02,6.129370E-02,3.227655E-02,1.044534E+03,3.558573E+02,4.424668E-02,2.508287E-02,2.460079E+03,1.385170E+03,1.032860E-01,9.763269E-02,1.773992E+03,1.152002E+03,7.439073E-02,8.119691E-02,2.579027E+03,1.226819E+03,1.082078E-01,8.647178E-02,1.774022E+03,9.010329E+02,7.439197E-02,6.350882E-02
06:00:00,0.000000E+00,2.127014E+04,0.000000E+00,1.499280E+00,0.000000E+00,9.996917E+03,0.000000E+00,7.046583E-01,3.723688E+03,8.877125E+03,1.603829E-01,6.257270E-01,4.954162E+03,1.221933E+03,2.096057E-01,8.612612E-02,3.393671E+03,1.246398E+03,1.435492E-01,8.784778E-02,5.120978E+03,9.824612E+02,2.166618E-01,6.924800E-02,3.393644E+03,7.348113E+02,1.435480E-01,5.179250E-02,1.592211E+03,6.803640E+02,6.827905E-02,4.795561E-02,1.260091E+03,8.465600E+02,5.379548E-02,5.966782E-02,1.779204E+03,4.713191E+02,7.609726E-02,3.322140E-02,1.260161E+03,3.636573E+02,5.379839E-02,2.563264E-02,2.785163E+03,1.498757E+03,1.180995E-01,1.056384E-01,1.988902E+03,1.439184E+03,8.426407E-02,1.014372E-01,2.909657E+03,1.246266E+03,1.233240E-01,8.784246E-02,1.988929E+03,9.117457E+02,8.426519E-02,6.426387E-02
06:15:00,2.179835E+02,2.166092E+04,1.038640E-02,1.526824E+00,1.304590E+03,1.040308E+04,5.965436E-02,7.332877E-01,6.787052E+03,9.270857E+03,3.003267E-01,6.534801E-01,5.918416E+03,1.417135E+03,2.569860E-01,9.988412E-02,4.020418E+03,1.659015E+03,1.745044E-01,1.169279E-01,6.095366E+03,1.088164E+03,2.646273E-01,7.669829E-02,4.020371E+03,7.993175E+02,1.745024E-01,5.633909E-02,2.411242E+03,8.455288E+02,1.060290E-01,5.959692E-02,1.790977E+03,1.222455E+03,7.851151E-02,8.616039E-02,2.606920E+03,5.617789E+02,1.144535E-01,3.959746E-02,1.791030E+03,4.198278E+02,7.851375E-02,2.959181E-02,3.604701E+03,1.698399E+03,1.570173E-01,1.197096E-01,2.526719E+03,1.860698E+03,1.099864E-01,1.311453E-01,3.739750E+03,1.352561E+03,1.628537E-01,9.533448E-02,2.526731E+03,9.761263E+02,1.099869E-01,6.880165E-02
06:30:00,2.179835E+02,2.391608E+04,1.038640E-02,1.713993E+00,1.350001E+03,1.275252E+04,6.183739E-02,9.172353E-01,8.357569E+03,1.155991E+04,3.758247E-01,8.317178E-01,6.551647E+03,2.067858E+03,2.906216E-01,1.497416E-01,4.436545E+03,2.522433E+03,1.967442E-01,1.836723E-01,6.736867E+03,1.621522E+03,2.987819E-01,1.174307E-01,4.436492E+03,1.143852E+03,1.967419E-01,8.275151E-02,2.923230E+03,1.383550E+03,1.307397E-01,1.002173E-01,2.130004E+03,2.022445E+03,9.511323E-02,1.476639E-01,3.126386E+03,1.000005E+03,1.397129E-01,7.241679E-02,2.130056E+03,7.110858E+02,9.511552E-02,5.151382E-02,4.135495E+03,2.366417E+03,1.839018E-01,1.711533E-01,2.880438E+03,2.736689E+03,1.280657E-01,1.990164E-01,4.280324E+03,1.903290E+03,1.903369E-01,1.376488E-01,2.880448E+03,1.330186E+03,1.280662E-01,9.611718E-02
06:45:00,3.359871E+02,2.511044E+04,1.606569E-02,1.835832E+00,2.336548E+03,1.398518E+04,1.092627E-01,1.028278E+00,1.082673E+04,1.278252E+04,4.945223E-01,9.406161E-01,7.301196E+03,2.524384E+03,3.299040E-01,1.875578E-01,4.923425E+03,3.331811E+03,2.224216E-01,2.494017E-01,7.493501E+03,1.983251E+03,3.385293E-01,1.476601E-01,4.923359E+03,1.376391E+03,2.224186E-01,1.022922E-01,3.601611E+03,1.744690E+03,1.634829E-01,1.297521E-01,2.567865E+03,2.775486E+03,1.164904E-01,2.084683E-01,3.807700E+03,1.262852E+03,1.727922E-01,9.407866E-02,2.567905E+03,8.841719E+02,1.164922E-01,6.582809E-02,4.809448E+03,2.828575E+03,2.177070E-01,2.097374E-01,3.321502E+03,3.553574E+03,1.503666E-01,2.655498E-01,4.962581E+03,2.269802E+03,2.246679E-01,1.685786E-01,3.321503E+03,1.564210E+03,1.503666E-01,1.159887E-01
07:00:00,4.230445E+02,2.696774E+04,2.025074E-02,2.011027E+00,3.001089E+03,1.588748E+04,1.412085E-01,1.193222E+00,1.291748E+04,1.470639E+04,5.950290E-01,1.105911E+00,7.952869E+03,3.106784E+03,3.645372E-01,2.355668E-01,5.346798E+03,4.269491E+03,2.450828E-01,3.255661E-01,8.151727E+03,2.502468E+03,3.736048E-01,1.905292E-01,5.346722E+03,1.700971E+03,2.450793E-01,1.292543E-01,4.195097E+03,2.244707E+03,1.921949E-01,1.705231E-01,2.952420E+03,3.657063E+03,1.353293E-01,2.797193E-01,4.405983E+03,1.704117E+03,2.019193E-01,1.300659E-01,2.952451E+03,1.162179E+03,1.353308E-01,8.859585E-02,5.399112E+03,3.408340E+03,2.475001E-01,2.578657E-01,3.708144E+03,4.493453E+03,1.700747E-01,3.421065E-01,5.561002E+03,2.785099E+03,2.550060E-01,2.114575E-01,3.708137E+03,1.885529E+03,1.700744E-01,1.429075E-01
07:15:00,1.854630E+03,2.991739E+04,9.032350E-02,2.295053E+00,5.200123E+03,1.886835E+04,2.503488E-01,1.460266E+00,1.519079E+04,1.772121E+04,7.215474E-01,1.373799E+00,8.530226E+03,3.938938E+03,4.014643E-01,3.073907E-01,5.720347E+03,5.455384E+03,2.691420E-01,4.270360E-01,8.715019E+03,3.297053E+03,4.101121E-01,2.588344E-01,5.720263E+03,2.201091E+03,2.691381E-01,1.724853E-01,4.622161E+03,2.962511E+03,2.188201E-01,2.317982E-01,3.246436E+03,4.783962E+03,1.535586E-01,3.755499E-01,4.851856E+03,2.382791E+03,2.295944E-01,1.876752E-01,3.246470E+03,1.592303E+03,1.535601E-01,1.252542E-01,5.920238E+03,4.234015E+03,2.795811E-01,3.296387E-01,4.075974E+03,5.677422E+03,1.923675E-01,4.437386E-01,6.116732E+03,3.574050E+03,2.887832E-01,2.797603E-01,4.075970E+03,2.380852E+03,1.923673E-01,1.860525E-01
07:30:00,2.097781E+03,3.206324E+04,1.028736E-01,2.528124E+00,6.334764E+03,2.104487E+04,3.089123E-01,1.672184E+00,1.763345E+04,1.996595E+04,8.494869E-01,1.589196E+00,9.111344E+03,4.583602E+03,4.368896E-01,3.667452E-01,6.090971E+03,6.503871E+03,2.920265E-01,5.219553E-01,9.296431E+03,3.954880E+03,4.457380E-01,3.184206E-01,6.090874E+03,2.613153E+03,2.920219E-01,2.101101E-01,5.243926E+03,3.503288E+03,2.523334E-01,2.808813E-01,3.645847E+03,5.777351E+03,1.753738E-01,4.647421E-01,5.475251E+03,2.930432E+03,2.634120E-01,2.365576E-01,3.645869E+03,1.937882E+03,1.753749E-01,1.562817E-01,6.548743E+03,4.862611E+03,3.147133E-01,3.882221E-01,4.478887E+03,6.715574E+03,2.151774E-01,5.382199E-01,6.748410E+03,4.218315E+03,3.242567E-01,3.387388E-01,4.478870E+03,2.783085E+03,2.151766E-01,2.232077E-01
07:45:00,3.209464E+03,3.446912E+04,1.602522E-01,2.784373E+00,8.108380E+03,2.349847E+04,4.004561E-01,1.908732E+00,1.968600E+04,2.251546E+04,9.640080E-01,1.831634E+00,9.578863E+03,5.257109E+03,4.678378E-01,4.291334E-01,6.391366E+03,7.519185E+03,3.121331E-01,6.153689E-01,9.766555E+03,4.678592E+03,4.769835E-01,3.838987E-01,6.391261E+03,3.069302E+03,3.121281E-01,2.516061E-01,5.724871E+03,4.080166E+03,2.803739E-01,3.335282E-01,3.958405E+03,6.743772E+03,1.938048E-01,5.528391E-01,5.961654E+03,3.547462E+03,2.919171E-01,2.916149E-01,3.958421E+03,2.329265E+03,1.938056E-01,1.913250E-01,7.043909E+03,5.512608E+03,3.446392E-01,4.492014E-01,4.797540E+03,7.714567E+03,2.346793E-01,6.307036E-01,7.245754E+03,4.921549E+03,3.544749E-01,4.030126E-01,4.797515E+03,3.225226E+03,2.346782E-01,2.638698E-01
08:00:00,4.007596E+03,3.670665E+04,2.014471E-01,3.026273E+00,9.624867E+03,2.577467E+04,4.787283E-01,2.130147E+00,2.172897E+04,2.491056E+04,1.075928E+00,2.060986E+00,1.004388E+04,5.884264E+03,4.980794E-01,4.877948E-01,6.689286E+03,8.452239E+03,3.317439E-01,7.029675E-01,1.023354E+04,5.375204E+03,5.074932E-01,4.471637E-01,6.689172E+03,3.506450E+03,3.317383E-01,2.915342E-01,6.215627E+03,4.610405E+03,3.083480E-01,3.823458E-01,4.275483E+03,7.632636E+03,2.121086E-01,6.353875E-01,6.457121E+03,4.135511E+03,3.203205E-01,3.442590E-01,4.275491E+03,2.700103E+03,2.121091E-01,2.246463E-01,7.541904E+03,6.109778E+03,3.741677E-01,5.058971E-01,5.117617E+03,8.626433E+03,2.539036E-01,7.169630E-01,7.746451E+03,5.591846E+03,3.843171E-01,4.645637E-01,5.117584E+03,3.644752E+03,2.539020E-01,3.026463E-01
08:15:00,4.568076E+03,3.858708E+04,2.312405E-01,3.242021E+00,9.789835E+03,2.769143E+04,4.949240E-01,2.325266E+00,2.143527E+04,2.696924E+04,1.078939E+00,2.266131E+00,9.907759E+03,6.421517E+03,4.979887E-01,5.401250E-01,6.598740E+03,9.253178E+03,3.316487E-01,7.813303E-01,1.009535E+04,5.994383E+03,5.074055E-01,5.051920E-01,6.598632E+03,3.889894E+03,3.316433E-01,3.277091E-01,6.198098E+03,5.059746E+03,3.120033E-01,4.253907E-01,4.257815E+03,8.393836E+03,2.142840E-01,7.089485E-01,6.431288E+03,4.655928E+03,3.237061E-01,3.922929E-01,4.257827E+03,3.022374E+03,2.142846E-01,2.545317E-01,7.513967E+03,6.614472E+03,3.780305E-01,5.559733E-01,5.094024E+03,9.403770E+03,2.562452E-01,7.937426E-01,7.716122E+03,6.181984E+03,3.881781E-01,5.205826E-01,5.093993E+03,4.009100E+03,2.562436E-01,3.374991E-01
08:30:00,5.319668E+03,3.855802E+04,2.700333E-01,3.294338E+00,1.117629E+04,2.761769E+04,5.666456E-01,2.361105E+00,2.255578E+04,2.711777E+04,1.142336E+00,2.319597E+00,1.006819E+04,6.510426E+03,5.099484E-01,5.569790E-01,6.696064E+03,9.605680E+03,3.391510E-01,8.222299E-01,1.025503E+04,6.211339E+03,5.194105E-01,5.321549E-01,6.695948E+03,3.999911E+03,3.391451E-01,3.425797E-01,6.461198E+03,5.137991E+03,3.274418E-01,4.396099E-01,4.416935E+03,8.728749E+03,2.238351E-01,7.473045E-01,6.690691E+03,4.848854E+03,3.390653E-01,4.156544E-01,4.416936E+03,3.112556E+03,2.238352E-01,2.667076E-01,7.750206E+03,6.650724E+03,3.927197E-01,5.686792E-01,5.238515E+03,9.723933E+03,2.654397E-01,8.321254E-01,7.950722E+03,6.346083E+03,4.028752E-01,5.433928E-01,5.238474E+03,4.085869E+03,2.654377E-01,3.497494E-01
08:45:00,5.932422E+03,3.955351E+04,3.020715E-01,3.408948E+00,1.159185E+04,2.862214E+04,5.915891E-01,2.466640E+00,2.271210E+04,2.832764E+04,1.159150E+00,2.442056E+00,1.008308E+04,6.803894E+03,5.148360E-01,5.867754E-01,6.703399E+03,1.000971E+04,3.422773E-01,8.639177E-01,1.026985E+04,6.633750E+03,5.243754E-01,5.725719E-01,6.703284E+03,4.230527E+03,3.422714E-01,3.650590E-01,6.539742E+03,5.397615E+03,3.339628E-01,4.653071E-01,4.464677E+03,9.103183E+03,2.280007E-01,7.857071E-01,6.769051E+03,5.245014E+03,3.456748E-01,4.526073E-01,4.464677E+03,3.325553E+03,2.280007E-01,2.868886E-01,7.823007E+03,6.895721E+03,3.995012E-01,5.945051E-01,5.282374E+03,1.009543E+04,2.697619E-01,8.711670E-01,8.023439E+03,6.720889E+03,4.097385E-01,5.799096E-01,5.282332E+03,4.286616E+03,2.697598E-01,3.697803E-01
09:00:00,6.559405E+03,3.985473E+04,3.347410E-01,3.467616E+00,1.230504E+04,2.892311E+04,6.307534E-01,2.515500E+00,2.319091E+04,2.883750E+04,1.191270E+00,2.508341E+00,1.017063E+04,6.979327E+03,5.231513E-01,6.072087E-01,6.757689E+03,1.026053E+04,3.476183E-01,8.932122E-01,1.035738E+04,6.941921E+03,5.327699E-01,6.041187E-01,6.757572E+03,4.378047E+03,3.476123E-01,3.809504E-01,6.685745E+03,5.520200E+03,3.436877E-01,4.800717E-01,4.555084E+03,9.319844E+03,2.341907E-01,8.113132E-01,6.914119E+03,5.499129E+03,3.554512E-01,4.784115E-01,4.555081E+03,3.438880E+03,2.341905E-01,2.991227E-01,7.962649E+03,7.022504E+03,4.094519E-01,6.109029E-01,5.369360E+03,1.031260E+04,2.761276E-01,8.976884E-01,8.162678E+03,6.982466E+03,4.197550E-01,6.075870E-01,5.369314E+03,4.403983E+03,2.761253E-01,3.831685E-01
09:15:00,5.828014E+03,3.903429E+04,3.008082E-01,3.415078E+00,1.146307E+04,2.811381E+04,5.916570E-01,2.459705E+00,2.187473E+04,2.826018E+04,1.129046E+00,2.472521E+00,9.777370E+03,6.902983E+03,5.046407E-01,6.039286E-01,6.501548E+03,1.021153E+04,3.355652E-01,8.932889E-01,9.962026E+03,7.020783E+03,5.141716E-01,6.142379E-01,6.501440E+03,4.360412E+03,3.355596E-01,3.814844E-01,6.406694E+03,5.415572E+03,3.306669E-01,4.738044E-01,4.369441E+03,9.242838E+03,2.255197E-01,8.085711E-01,6.631262E+03,5.554594E+03,3.422582E-01,4.859702E-01,4.369443E+03,3.406223E+03,2.255198E-01,2.980083E-01,7.653392E+03,6.892422E+03,3.950140E-01,6.030052E-01,5.165554E+03,1.022694E+04,2.666098E-01,8.946325E-01,7.850648E+03,7.008599E+03,4.051953E-01,6.131734E-01,5.165514E+03,4.352699E+03,2.666077E-01,3.808103E-01
09:30:00,6.273118E+03,3.898716E+04,3.237819E-01,3.411084E+00,1.166730E+04,2.807616E+04,6.021983E-01,2.456461E+00,2.167244E+04,2.845524E+04,1.118605E+00,2.489634E+00,9.632872E+03,6.996129E+03,4.971822E-01,6.120907E-01,6.403358E+03,1.020834E+04,3.304969E-01,8.930872E-01,9.816038E+03,7.281872E+03,5.066361E-01,6.370924E-01,6.403249E+03,4.439635E+03,3.304913E-01,3.884230E-01,6.349349E+03,5.471085E+03,3.277076E-01,4.786693E-01,4.325139E+03,9.207162E+03,2.232333E-01,8.055098E-01,6.571016E+03,5.779238E+03,3.391491E-01,5.056323E-01,4.325136E+03,3.462689E+03,2.232332E-01,3.029531E-01,7.575073E+03,6.931984E+03,3.909716E-01,6.064799E-01,5.108725E+03,1.018647E+04,2.636765E-01,8.911733E-01,7.770265E+03,7.216968E+03,4.010464E-01,6.314157E-01,5.108681E+03,4.398359E+03,2.636743E-01,3.848127E-01
09:45:00,5.839143E+03,3.864764E+04,3.013826E-01,3.381405E+00,1.121615E+04,2.772704E+04,5.789125E-01,2.425924E+00,2.096427E+04,2.834464E+04,1.082054E+00,2.479965E+00,9.413333E+03,7.045538E+03,4.858512E-01,6.164163E-01,6.259646E+03,1.013096E+04,3.230795E-01,8.863389E-01,9.595470E+03,7.519927E+03,4.952519E-01,6.579232E-01,6.259540E+03,4.484975E+03,3.230741E-01,3.923914E-01,6.196698E+03,5.474806E+03,3.198302E-01,4.789973E-01,4.222776E+03,9.093082E+03,2.179507E-01,7.955440E-01,6.416218E+03,5.970949E+03,3.311608E-01,5.224083E-01,4.222775E+03,3.479370E+03,2.179507E-01,3.044140E-01,7.408343E+03,6.927018E+03,3.823669E-01,6.060480E-01,4.998061E+03,1.007084E+04,2.579652E-01,8.810796E-01,7.602038E+03,7.401171E+03,3.923644E-01,6.475347E-01,4.998020E+03,4.409558E+03,2.579631E-01,3.857940E-01
10:00:00,5.709232E+03,3.844339E+04,2.946773E-01,3.363538E+00,1.100709E+04,2.752022E+04,5.681217E-01,2.407829E+00,2.049941E+04,2.838434E+04,1.058060E+00,2.483439E+00,9.259323E+03,7.136678E+03,4.779025E-01,6.243915E-01,6.158410E+03,1.002038E+04,3.178546E-01,8.766693E-01,9.440450E+03,7.826672E+03,4.872511E-01,6.847623E-01,6.158306E+03,4.554570E+03,3.178492E-01,3.984812E-01,6.101269E+03,5.518241E+03,3.149063E-01,4.827988E-01,4.157734E+03,8.944420E+03,2.145944E-01,7.825412E-01,6.318751E+03,6.227585E+03,3.261315E-01,5.448639E-01,4.157733E+03,3.518517E+03,2.145944E-01,3.078399E-01,7.301079E+03,6.962163E+03,3.768316E-01,6.091240E-01,4.926071E+03,9.920748E+03,2.542500E-01,8.679542E-01,7.493332E+03,7.652152E+03,3.867545E-01,6.694946E-01,4.926030E+03,4.443969E+03,2.542479E-01,3.888052E-01
10:15:00,5.590308E+03,3.828573E+04,2.885392E-01,3.349747E+00,1.083093E+04,2.735800E+04,5.590297E-01,2.393637E+00,2.010200E+04,2.847415E+04,1.037548E+00,2.491298E+00,9.130583E+03,7.241368E+03,4.712579E-01,6.335520E-01,6.073931E+03,9.863851E+03,3.134943E-01,8.629767E-01,9.310785E+03,8.170323E+03,4.805587E-01,7.148300E-01,6.073828E+03,4.632555E+03,3.134891E-01,4.053048E-01,6.023481E+03,5.572866E+03,3.108923E-01,4.875793E-01,4.104709E+03,8.748847E+03,2.118581E-01,7.654315E-01,6.239112E+03,6.517175E+03,3.220219E-01,5.702023E-01,4.104709E+03,3.564264E+03,2.118581E-01,3.118432E-01,7.213195E+03,7.009630E+03,3.722961E-01,6.132778E-01,4.867143E+03,9.723969E+03,2.512088E-01,8.507398E-01,7.404137E+03,7.938432E+03,3.821513E-01,6.945427E-01,4.867103E+03,4.485969E+03,2.512067E-01,3.924804E-01
10:30:00,5.490191E+03,3.815448E+04,2.833717E-01,3.338266E+00,1.067925E+04,2.722182E+04,5.512006E-01,2.381725E+00,1.975340E+04,2.859373E+04,1.019555E+00,2.501763E+00,9.019945E+03,7.352682E+03,4.655476E-01,6.432917E-01,6.001449E+03,9.658535E+03,3.097533E-01,8.450141E-01,9.199281E+03,8.537613E+03,4.748036E-01,7.469653E-01,6.001348E+03,4.714920E+03,3.097481E-01,4.125113E-01,5.957533E+03,5.632519E+03,3.074889E-01,4.927992E-01,4.059784E+03,8.504361E+03,2.095396E-01,7.440417E-01,6.171452E+03,6.827622E+03,3.185301E-01,5.973648E-01,4.059783E+03,3.613214E+03,2.095395E-01,3.161263E-01,7.138412E+03,7.062821E+03,3.684365E-01,6.179322E-01,4.816974E+03,9.478089E+03,2.486195E-01,8.292283E-01,7.328156E+03,8.247034E+03,3.782298E-01,7.215433E-01,4.816934E+03,4.531759E+03,2.486174E-01,3.964869E-01
10:45:00,5.403429E+03,3.804138E+04,2.788936E-01,3.328372E+00,1.054487E+04,2.710363E+04,5.442647E-01,2.371386E+00,1.944296E+04,2.873336E+04,1.003532E+00,2.513981E+00,8.923079E+03,7.467097E+03,4.605479E-01,6.533022E-01,5.938076E+03,9.405871E+03,3.064824E-01,8.229086E-01,9.101591E+03,8.917990E+03,4.697615E-01,7.802449E-01,5.937976E+03,4.799378E+03,3.064773E-01,4.199008E-01,5.900356E+03,5.694173E+03,3.045380E-01,4.981939E-01,4.020867E+03,8.213028E+03,2.075310E-01,7.185529E-01,6.112683E+03,7.149322E+03,3.154970E-01,6.255113E-01,4.020867E+03,3.663507E+03,2.075310E-01,3.205268E-01,7.072991E+03,7.118570E+03,3.650600E-01,6.228101E-01,4.773244E+03,9.184943E+03,2.463625E-01,8.035811E-01,7.261613E+03,8.567795E+03,3.747954E-01,7.496072E-01,4.773204E+03,4.579294E+03,2.463604E-01,4.006460E-01
11:00:00,5.326255E+03,3.794069E+04,2.749103E-01,3.319564E+00,1.042286E+04,2.699787E+04,5.379675E-01,2.362133E+00,1.916263E+04,2.888546E+04,9.890633E-01,2.527289E+00,8.836705E+03,7.577982E+03,4.560899E-01,6.630036E-01,5.881624E+03,9.113612E+03,3.035687E-01,7.973389E-01,9.014418E+03,9.299392E+03,4.652622E-01,8.136136E-01,5.881526E+03,4.881410E+03,3.035636E-01,4.270777E-01,5.849678E+03,5.751734E+03,3.019224E-01,5.032301E-01,3.986410E+03,7.883181E+03,2.057526E-01,6.896944E-01,6.060516E+03,7.471131E+03,3.128046E-01,6.536666E-01,3.986409E+03,3.711028E+03,2.057526E-01,3.246846E-01,7.014547E+03,7.170663E+03,3.620435E-01,6.273678E-01,4.734247E+03,8.852733E+03,2.443497E-01,7.745161E-01,7.202122E+03,8.889131E+03,3.717249E-01,7.777210E-01,4.734207E+03,4.624278E+03,2.443476E-01,4.045817E-01
11:15:00,5.256086E+03,3.784838E+04,2.712886E-01,3.311487E+00,1.030987E+04,2.690060E+04,5.321357E-01,2.353624E+00,1.890618E+04,2.904395E+04,9.758268E-01,2.541156E+00,8.758635E+03,7.685271E+03,4.520604E-01,6.723902E-01,5.830643E+03,8.786058E+03,3.009374E-01,7.686814E-01,8.935573E+03,9.673932E+03,4.611927E-01,8.463816E-01,5.830546E+03,4.960914E+03,3.009324E-01,4.340334E-01,5.803902E+03,5.805688E+03,2.995598E-01,5.079506E-01,3.955319E+03,7.519510E+03,2.041479E-01,6.578767E-01,6.013337E+03,7.786000E+03,3.103696E-01,6.812144E-01,3.955318E+03,3.756139E+03,2.041479E-01,3.286313E-01,6.961319E+03,7.219576E+03,3.592962E-01,6.316472E-01,4.698789E+03,8.486233E+03,2.425196E-01,7.424512E-01,7.147910E+03,9.203729E+03,3.689269E-01,8.052448E-01,4.698750E+03,4.667052E+03,2.425176E-01,4.083240E-01
11:30:00,5.191281E+03,3.776170E+04,2.679437E-01,3.303905E+00,1.020379E+04,2.680916E+04,5.266605E-01,2.345624E+00,1.866953E+04,2.920411E+04,9.636126E-01,2.555169E+00,8.687259E+03,7.788500E+03,4.483764E-01,6.814215E-01,5.784065E+03,8.433411E+03,2.985333E-01,7.378286E-01,8.863446E+03,1.003433E+04,4.574700E-01,8.779124E-01,5.783968E+03,5.037532E+03,2.985283E-01,4.407365E-01,5.761943E+03,5.855989E+03,2.973942E-01,5.123514E-01,3.926851E+03,7.132371E+03,2.026786E-01,6.240060E-01,5.970050E+03,8.087359E+03,3.081354E-01,7.075798E-01,3.926850E+03,3.798774E+03,2.026785E-01,3.323614E-01,6.912118E+03,7.265299E+03,3.567568E-01,6.356475E-01,4.666066E+03,8.095986E+03,2.408307E-01,7.083088E-01,7.097783E+03,9.504853E+03,3.663396E-01,8.315896E-01,4.666027E+03,4.707486E+03,2.408286E-01,4.118615E-01
11:45:00,5.130685E+03,3.767889E+04,2.648161E-01,3.296660E+00,1.010315E+04,2.672182E+04,5.214656E-01,2.337983E+00,1.844958E+04,2.936194E+04,9.522597E-01,2.568978E+00,8.621385E+03,7.886878E+03,4.449764E-01,6.900284E-01,5.741098E+03,8.070243E+03,2.963157E-01,7.060554E-01,8.796843E+03,1.037366E+04,4.540324E-01,9.075990E-01,5.741002E+03,5.110613E+03,2.963107E-01,4.471302E-01,5.723031E+03,5.902352E+03,2.953859E-01,5.164076E-01,3.900475E+03,6.736224E+03,2.013172E-01,5.893473E-01,5.929877E+03,8.368965E+03,3.060620E-01,7.322167E-01,3.900474E+03,3.838631E+03,2.013172E-01,3.358484E-01,6.866107E+03,7.307539E+03,3.543821E-01,6.393430E-01,4.635508E+03,7.696839E+03,2.392534E-01,6.733877E-01,7.050896E+03,9.786151E+03,3.639196E-01,8.561996E-01,4.635469E+03,4.745247E+03,2.392514E-01,4.151651E-01
12:00:00,5.073449E+03,3.759882E+04,2.618619E-01,3.289654E+00,1.000686E+04,2.663747E+04,5.164957E-01,2.330603E+00,1.824380E+04,2.951467E+04,9.416390E-01,2.582340E+00,8.560101E+03,7.980009E+03,4.418133E-01,6.981762E-01,5.701139E+03,7.714849E+03,2.942532E-01,6.749624E-01,8.734850E+03,1.068600E+04,4.508327E-01,9.349244E-01,5.701044E+03,5.179755E+03,2.942483E-01,4.531794E-01,5.686604E+03,5.944794E+03,2.935057E-01,5.201208E-01,3.875806E+03,6.349055E+03,2.000440E-01,5.554743E-01,5.892250E+03,8.625471E+03,3.041199E-01,7.546575E-01,3.875805E+03,3.875580E+03,2.000439E-01,3.390810E-01,6.822681E+03,7.346296E+03,3.521407E-01,6.427337E-01,4.606702E+03,7.307225E+03,2.377667E-01,6.393009E-01,7.006639E+03,1.004220E+04,3.616354E-01,8.786004E-01,4.606663E+03,4.780184E+03,2.377647E-01,4.182217E-01
12:15:00,5.019125E+03,3.752098E+04,2.590580E-01,3.282844E+00,9.914426E+03,2.655558E+04,5.117250E-01,2.323439E+00,1.805077E+04,2.966031E+04,9.316756E-01,2.595082E+00,8.502816E+03,8.067741E+03,4.388567E-01,7.058517E-01,5.663795E+03,7.389510E+03,2.923258E-01,6.464992E-01,8.676879E+03,1.096620E+04,4.478406E-01,9.594382E-01,5.663700E+03,5.251197E+03,2.923209E-01,4.594296E-01,5.652308E+03,5.983547E+03,2.917356E-01,5.235111E-01,3.852597E+03,5.993183E+03,1.988461E-01,5.243395E-01,5.856810E+03,8.852191E+03,3.022907E-01,7.744922E-01,3.852597E+03,3.916333E+03,1.988461E-01,3.426464E-01,6.781471E+03,7.381769E+03,3.500137E-01,6.458372E-01,4.579396E+03,6.949496E+03,2.363573E-01,6.080039E-01,6.964642E+03,1.026828E+04,3.594677E-01,8.983789E-01,4.579357E+03,4.818709E+03,2.363553E-01,4.215921E-01
12:30:00,4.967207E+03,3.744546E+04,2.563783E-01,3.276237E+00,9.825199E+03,2.647620E+04,5.071196E-01,2.316494E+00,1.786873E+04,2.979780E+04,9.222801E-01,2.607112E+00,8.448966E+03,8.150187E+03,4.360773E-01,7.130647E-01,5.628694E+03,7.105789E+03,2.905141E-01,6.216773E-01,8.622362E+03,1.121019E+04,4.450268E-01,9.807837E-01,5.628600E+03,5.340861E+03,2.905092E-01,4.672742E-01,5.619823E+03,6.019042E+03,2.900589E-01,5.266165E-01,3.830631E+03,5.680270E+03,1.977123E-01,4.969634E-01,5.823233E+03,9.045425E+03,3.005577E-01,7.913971E-01,3.830630E+03,3.976593E+03,1.977123E-01,3.479185E-01,6.742137E+03,7.414343E+03,3.479835E-01,6.486870E-01,4.553359E+03,6.635213E+03,2.350134E-01,5.805081E-01,6.924559E+03,1.046069E+04,3.573989E-01,9.152117E-01,4.553320E+03,4.876779E+03,2.350114E-01,4.266727E-01
12:45:00,4.917217E+03,3.737270E+04,2.537981E-01,3.269871E+00,9.738539E+03,2.639974E+04,5.026467E-01,2.309804E+00,1.769587E+04,2.992634E+04,9.133577E-01,2.618357E+00,8.398009E+03,8.227499E+03,4.334472E-01,7.198285E-01,5.595484E+03,6.869045E+03,2.888000E-01,6.009655E-01,8.570758E+03,1.141469E+04,4.423634E-01,9.986744E-01,5.595391E+03,5.462049E+03,2.887952E-01,4.778770E-01,5.588873E+03,6.051754E+03,2.884615E-01,5.294784E-01,3.809718E+03,5.415713E+03,1.966330E-01,4.738182E-01,5.791240E+03,9.202284E+03,2.989064E-01,8.051196E-01,3.809717E+03,4.069125E+03,1.966329E-01,3.560144E-01,6.704381E+03,7.444442E+03,3.460348E-01,6.513202E-01,4.528389E+03,6.369772E+03,2.337247E-01,5.572857E-01,6.886090E+03,1.061656E+04,3.554134E-01,9.288481E-01,4.528351E+03,4.967694E+03,2.337227E-01,4.346270E-01
13:00:00,4.868944E+03,3.730327E+04,2.513065E-01,3.263798E+00,9.654203E+03,2.632671E+04,4.982938E-01,2.303415E+00,1.753128E+04,3.004547E+04,9.048627E-01,2.628780E+00,8.349627E+03,8.299808E+03,4.309500E-01,7.261545E-01,5.563956E+03,6.681544E+03,2.871727E-01,5.845621E-01,8.521750E+03,1.157718E+04,4.398339E-01,1.012889E+00,5.563863E+03,5.625426E+03,2.871680E-01,4.921711E-01,5.559296E+03,6.082100E+03,2.869349E-01,5.321333E-01,3.789746E+03,5.201834E+03,1.956021E-01,4.551070E-01,5.760665E+03,9.320482E+03,2.973283E-01,8.154596E-01,3.789745E+03,4.204342E+03,1.956021E-01,3.678452E-01,6.668035E+03,7.472427E+03,3.441588E-01,6.537686E-01,4.504373E+03,6.155473E+03,2.324851E-01,5.385378E-01,6.849066E+03,1.073364E+04,3.535025E-01,9.390901E-01,4.504335E+03,5.102193E+03,2.324831E-01,4.463948E-01
13:15:00,4.822238E+03,3.723778E+04,2.488959E-01,3.258067E+00,9.572019E+03,2.625767E+04,4.940519E-01,2.297374E+00,1.737425E+04,3.015499E+04,8.967579E-01,2.638362E+00,8.303571E+03,8.367756E+03,4.285729E-01,7.320992E-01,5.533946E+03,6.543059E+03,2.856238E-01,5.724470E-01,8.475089E+03,1.169659E+04,4.374256E-01,1.023335E+00,5.533854E+03,5.839769E+03,2.856191E-01,5.109245E-01,5.530969E+03,6.110912E+03,2.854729E-01,5.346539E-01,3.770631E+03,5.038412E+03,1.946155E-01,4.408101E-01,5.731384E+03,9.399206E+03,2.958170E-01,8.223461E-01,3.770630E+03,4.390779E+03,1.946155E-01,3.841576E-01,6.632977E+03,7.499104E+03,3.423494E-01,6.561024E-01,4.481226E+03,5.992001E+03,2.312904E-01,5.242366E-01,6.813362E+03,1.081111E+04,3.516596E-01,9.458678E-01,4.481188E+03,5.288943E+03,2.312884E-01,4.627342E-01
13:30:00,4.776968E+03,3.717671E+04,2.465593E-01,3.252725E+00,9.491831E+03,2.619306E+04,4.899131E-01,2.291722E+00,1.722410E+04,3.025482E+04,8.890077E-01,2.647095E+00,8.259623E+03,8.431391E+03,4.263046E-01,7.376663E-01,5.505314E+03,6.449386E+03,2.841460E-01,5.642526E-01,8.430559E+03,1.177186E+04,4.351272E-01,1.029919E+00,5.505222E+03,6.110955E+03,2.841413E-01,5.346512E-01,5.503792E+03,6.138440E+03,2.840702E-01,5.370623E-01,3.752302E+03,4.921450E+03,1.936695E-01,4.305781E-01,5.703294E+03,9.437598E+03,2.943672E-01,8.257040E-01,3.752301E+03,4.634393E+03,1.936695E-01,4.054725E-01,6.599105E+03,7.524658E+03,3.406011E-01,6.583381E-01,4.458878E+03,5.875167E+03,2.301370E-01,5.140158E-01,6.778875E+03,1.084811E+04,3.498797E-01,9.491038E-01,4.458841E+03,5.533887E+03,2.301350E-01,4.841652E-01
13:45:00,4.733030E+03,3.712037E+04,2.442915E-01,3.247796E+00,9.413516E+03,2.613320E+04,4.858709E-01,2.286485E+00,1.708023E+04,3.034515E+04,8.815820E-01,2.654998E+00,8.217603E+03,8.490552E+03,4.241358E-01,7.428422E-01,5.477939E+03,6.392696E+03,2.827331E-01,5.592936E-01,8.387976E+03,1.180276E+04,4.329293E-01,1.032622E+00,5.477848E+03,6.442380E+03,2.827284E-01,5.636482E-01,5.477683E+03,6.164614E+03,2.827226E-01,5.393522E-01,3.734704E+03,4.843428E+03,1.927612E-01,4.237529E-01,5.676312E+03,9.435555E+03,2.929745E-01,8.255243E-01,3.734703E+03,4.938656E+03,1.927611E-01,4.320938E-01,6.566339E+03,7.548986E+03,3.389099E-01,6.604665E-01,4.437275E+03,5.797154E+03,2.290219E-01,5.071913E-01,6.745523E+03,1.084450E+04,3.481582E-01,9.487867E-01,4.437238E+03,5.840406E+03,2.290200E-01,5.109836E-01
14:00:00,4.690342E+03,3.706889E+04,2.420882E-01,3.243292E+00,9.336976E+03,2.607820E+04,4.819204E-01,2.281673E+00,1.694215E+04,3.042569E+04,8.744551E-01,2.662044E+00,8.177356E+03,8.544824E+03,4.220585E-01,7.475902E-01,5.451722E+03,6.361120E+03,2.813800E-01,5.565317E-01,8.347188E+03,1.178960E+04,4.308241E-01,1.031470E+00,5.451631E+03,6.835042E+03,2.813753E-01,5.980028E-01,5.452574E+03,6.189141E+03,2.814266E-01,5.414980E-01,3.717790E+03,4.792941E+03,1.918882E-01,4.193366E-01,5.650367E+03,9.393465E+03,2.916354E-01,8.218409E-01,3.717788E+03,5.304717E+03,1.918881E-01,4.641217E-01,6.534612E+03,7.571765E+03,3.372724E-01,6.624595E-01,4.416371E+03,5.746198E+03,2.279430E-01,5.027339E-01,6.713238E+03,1.080067E+04,3.464919E-01,9.449514E-01,4.416334E+03,6.209563E+03,2.279411E-01,5.432819E-01
14:15:00,4.648670E+03,3.702203E+04,2.399373E-01,3.239192E+00,9.261861E+03,2.602790E+04,4.780434E-01,2.277272E+00,1.680892E+04,3.049586E+04,8.675788E-01,2.668183E+00,8.138647E+03,8.592595E+03,4.200607E-01,7.517696E-01,5.426513E+03,6.337561E+03,2.800788E-01,5.544711E-01,8.307958E+03,1.173249E+04,4.287993E-01,1.026472E+00,5.426422E+03,7.280463E+03,2.800742E-01,6.369730E-01,5.428353E+03,6.210598E+03,2.801765E-01,5.433752E-01,3.701483E+03,4.753002E+03,1.910466E-01,4.158430E-01,5.625346E+03,9.311567E+03,2.903440E-01,8.146749E-01,3.701482E+03,5.724073E+03,1.910465E-01,5.008123E-01,6.503797E+03,7.591523E+03,3.356820E-01,6.641880E-01,4.396083E+03,5.705348E+03,2.268959E-01,4.991606E-01,6.681892E+03,1.071686E+04,3.448740E-01,9.376181E-01,4.396046E+03,6.633037E+03,2.268940E-01,5.803324E-01
14:30:00,4.608023E+03,3.697915E+04,2.378393E-01,3.235441E+00,9.188214E+03,2.598170E+04,4.742421E-01,2.273230E+00,1.668037E+04,3.055470E+04,8.609434E-01,2.673331E+00,8.101392E+03,8.632954E+03,4.181378E-01,7.553004E-01,5.402255E+03,6.315021E+03,2.788268E-01,5.524994E-01,8.270202E+03,1.163316E+04,4.268506E-01,1.017781E+00,5.402165E+03,7.759678E+03,2.788221E-01,6.788998E-01,5.404989E+03,6.228182E+03,2.789705E-01,5.449136E-01,3.685763E+03,4.716543E+03,1.902352E-01,4.126537E-01,5.601216E+03,9.191654E+03,2.890985E-01,8.041830E-01,3.685762E+03,6.178379E+03,1.902351E-01,5.405602E-01,6.473872E+03,7.607443E+03,3.341374E-01,6.655808E-01,4.376393E+03,5.667731E+03,2.258796E-01,4.958699E-01,6.651461E+03,1.059488E+04,3.433034E-01,9.269459E-01,4.376356E+03,7.092124E+03,2.258777E-01,6.204984E-01
14:45:00,4.568410E+03,3.693935E+04,2.357948E-01,3.231959E+00,9.116071E+03,2.593877E+04,4.705186E-01,2.269475E+00,1.655631E+04,3.060103E+04,8.545405E-01,2.677384E+00,8.065528E+03,8.664962E+03,4.162867E-01,7.581006E-01,5.378907E+03,6.291048E+03,2.776217E-01,5.504022E-01,8.233858E+03,1.149430E+04,4.249748E-01,1.005632E+00,5.378817E+03,8.255039E+03,2.776171E-01,7.222386E-01,5.382458E+03,6.241053E+03,2.778076E-01,5.460396E-01,3.670612E+03,4.681122E+03,1.894532E-01,4.095549E-01,5.577953E+03,9.036369E+03,2.878978E-01,7.905965E-01,3.670611E+03,6.650901E+03,1.894531E-01,5.819015E-01,6.444819E+03,7.618678E+03,3.326379E-01,6.665637E-01,4.357289E+03,5.630973E+03,2.248936E-01,4.926542E-01,6.621926E+03,1.043744E+04,3.417790E-01,9.131708E-01,4.357253E+03,7.569484E+03,2.248917E-01,6.622626E-01
15:00:00,4.529807E+03,3.690163E+04,2.338023E-01,3.228659E+00,9.045404E+03,2.589819E+04,4.668711E-01,2.265924E+00,1.643652E+04,3.063336E+04,8.483573E-01,2.680212E+00,8.030977E+03,8.687621E+03,4.145034E-01,7.600828E-01,5.356419E+03,6.264021E+03,2.764611E-01,5.480377E-01,8.198848E+03,1.131944E+04,4.231678E-01,9.903333E-01,5.356330E+03,8.750722E+03,2.764565E-01,7.656051E-01,5.360727E+03,6.248340E+03,2.766860E-01,5.466770E-01,3.656008E+03,4.645163E+03,1.886994E-01,4.064090E-01,5.555522E+03,8.849258E+03,2.867401E-01,7.742255E-01,3.656007E+03,7.126601E+03,1.886993E-01,6.235202E-01,6.416609E+03,7.624355E+03,3.311818E-01,6.670603E-01,4.338752E+03,5.593541E+03,2.239368E-01,4.893794E-01,6.593258E+03,1.024816E+04,3.402993E-01,8.966104E-01,4.338715E+03,8.049583E+03,2.239349E-01,7.042659E-01
15:15:00,4.492184E+03,3.686504E+04,2.318604E-01,3.225458E+00,8.976177E+03,2.585903E+04,4.632980E-01,2.262499E+00,1.632074E+04,3.065025E+04,8.423818E-01,2.681690E+00,7.997670E+03,8.699040E+03,4.127843E-01,7.610817E-01,5.334746E+03,6.232055E+03,2.753424E-01,5.452410E-01,8.165101E+03,1.111222E+04,4.214260E-01,9.722028E-01,5.334657E+03,9.231599E+03,2.753379E-01,8.076759E-01,5.339766E+03,6.248390E+03,2.756041E-01,5.466812E-01,3.641928E+03,4.606899E+03,1.879727E-01,4.030613E-01,5.533891E+03,8.633886E+03,2.856236E-01,7.553821E-01,3.641927E+03,7.590993E+03,1.879726E-01,6.641489E-01,6.389212E+03,7.622757E+03,3.297678E-01,6.669203E-01,4.320760E+03,5.553655E+03,2.230082E-01,4.858898E-01,6.565426E+03,1.003072E+04,3.388628E-01,8.775863E-01,4.320724E+03,8.517578E+03,2.230063E-01,7.452099E-01
15:30:00,4.455510E+03,3.682859E+04,2.299675E-01,3.222269E+00,8.908356E+03,2.582035E+04,4.597975E-01,2.259115E+00,1.620878E+04,3.065020E+04,8.366031E-01,2.681685E+00,7.965541E+03,8.693666E+03,4.111261E-01,7.606112E-01,5.313845E+03,6.190987E+03,2.742637E-01,5.416480E-01,8.132552E+03,1.087492E+04,4.197460E-01,9.514419E-01,5.313757E+03,9.689280E+03,2.742591E-01,8.477169E-01,5.319541E+03,6.235841E+03,2.745603E-01,5.455832E-01,3.628350E+03,4.562282E+03,1.872719E-01,3.991578E-01,5.513026E+03,8.392408E+03,2.845467E-01,7.342549E-01,3.628349E+03,8.036016E+03,1.872718E-01,7.030827E-01,6.362600E+03,7.608519E+03,3.283943E-01,6.656745E-01,4.303293E+03,5.507270E+03,2.221067E-01,4.818317E-01,6.538401E+03,9.787472E+03,3.374679E-01,8.563041E-01,4.303258E+03,8.965296E+03,2.221048E-01,7.843793E-01
15:45:00,4.419758E+03,3.679134E+04,2.281222E-01,3.219010E+00,8.841902E+03,2.578123E+04,4.563676E-01,2.255691E+00,1.610044E+04,3.063169E+04,8.310112E-01,2.680064E+00,7.934532E+03,8.673235E+03,4.095256E-01,7.588235E-01,5.293678E+03,6.141742E+03,2.732228E-01,5.373395E-01,8.101141E+03,1.061568E+04,4.181248E-01,9.287605E-01,5.293590E+03,1.011103E+04,2.732182E-01,8.846138E-01,5.300025E+03,6.212610E+03,2.735529E-01,5.435505E-01,3.615256E+03,4.512274E+03,1.865960E-01,3.947826E-01,5.492898E+03,8.132656E+03,2.835078E-01,7.115289E-01,3.615254E+03,8.449134E+03,1.865960E-01,7.392247E-01,6.336745E+03,7.583381E+03,3.270598E-01,6.634750E-01,4.286334E+03,5.455335E+03,2.212314E-01,4.772879E-01,6.512152E+03,9.526492E+03,3.361132E-01,8.334709E-01,4.286299E+03,9.380243E+03,2.212295E-01,8.206815E-01
16:00:00,4.384900E+03,3.675265E+04,2.263230E-01,3.215625E+00,8.776783E+03,2.574098E+04,4.530064E-01,2.252171E+00,1.599554E+04,3.059346E+04,8.255968E-01,2.676719E+00,7.904586E+03,8.637989E+03,4.079800E-01,7.557395E-01,5.274208E+03,6.084356E+03,2.722179E-01,5.323187E-01,8.070812E+03,1.034258E+04,4.165594E-01,9.048673E-01,5.274120E+03,1.048744E+04,2.722133E-01,9.175447E-01,5.281188E+03,6.179212E+03,2.725807E-01,5.406282E-01,3.602624E+03,4.457102E+03,1.859440E-01,3.899556E-01,5.473476E+03,7.862401E+03,2.825054E-01,6.878840E-01,3.602623E+03,8.820888E+03,1.859440E-01,7.717477E-01,6.311620E+03,7.548003E+03,3.257630E-01,6.603795E-01,4.269864E+03,5.398028E+03,2.203813E-01,4.722741E-01,6.486654E+03,9.255865E+03,3.347971E-01,8.097937E-01,4.269829E+03,9.753211E+03,2.203795E-01,8.533107E-01
16:15:00,4.351141E+03,3.671204E+04,2.245806E-01,3.212072E+00,8.713377E+03,2.569914E+04,4.497338E-01,2.248510E+00,1.589445E+04,3.053428E+04,8.203789E-01,2.671541E+00,7.875768E+03,8.588616E+03,4.064926E-01,7.514196E-01,5.255475E+03,6.019002E+03,2.712510E-01,5.266009E-01,8.041628E+03,1.006528E+04,4.150531E-01,8.806061E-01,5.255387E+03,1.081206E+04,2.712465E-01,9.459434E-01,5.263083E+03,6.136177E+03,2.716462E-01,5.368629E-01,3.590487E+03,4.397038E+03,1.853176E-01,3.847004E-01,5.454812E+03,7.590954E+03,2.815421E-01,6.641351E-01,3.590486E+03,9.144576E+03,1.853176E-01,8.000652E-01,6.287310E+03,7.502959E+03,3.245083E-01,6.564384E-01,4.253936E+03,5.335731E+03,2.195592E-01,4.668236E-01,6.461989E+03,8.985218E+03,3.335241E-01,7.861149E-01,4.253901E+03,1.007788E+04,2.195574E-01,8.817146E-01
16:30:00,4.318143E+03,3.666935E+04,2.228774E-01,3.208337E+00,8.651081E+03,2.565547E+04,4.465185E-01,2.244689E+00,1.579629E+04,3.045359E+04,8.153124E-01,2.664481E+00,7.847887E+03,8.529879E+03,4.050535E-01,7.462805E-01,5.237356E+03,5.945708E+03,2.703158E-01,5.201884E-01,8.013397E+03,9.794377E+03,4.135961E-01,8.569052E-01,5.237269E+03,1.107890E+04,2.703113E-01,9.692878E-01,5.245582E+03,6.088743E+03,2.707430E-01,5.327126E-01,3.578763E+03,4.331983E+03,1.847125E-01,3.790087E-01,5.436777E+03,7.329569E+03,2.806112E-01,6.412665E-01,3.578762E+03,9.413944E+03,1.847124E-01,8.236304E-01,6.263648E+03,7.453013E+03,3.232870E-01,6.520685E-01,4.238442E+03,5.268242E+03,2.187595E-01,4.609190E-01,6.437990E+03,8.725251E+03,3.322854E-01,7.633706E-01,4.238407E+03,1.034836E+04,2.187577E-01,9.053765E-01
16:45:00,4.286103E+03,3.662464E+04,2.212237E-01,3.204425E+00,8.590278E+03,2.560997E+04,4.433802E-01,2.240708E+00,1.570145E+04,3.035118E+04,8.104173E-01,2.655521E+00,7.820999E+03,8.468820E+03,4.036658E-01,7.409383E-01,5.219888E+03,5.864197E+03,2.694142E-01,5.130569E-01,7.986177E+03,9.534682E+03,4.121911E-01,8.341849E-01,5.219802E+03,1.128267E+04,2.694098E-01,9.871134E-01,5.228731E+03,6.043734E+03,2.698732E-01,5.287746E-01,3.567479E+03,4.261764E+03,1.841301E-01,3.728652E-01,5.419415E+03,7.083087E+03,2.797151E-01,6.197020E-01,3.567477E+03,9.623557E+03,1.841300E-01,8.419676E-01,6.240709E+03,7.405132E+03,3.221030E-01,6.478793E-01,4.223430E+03,5.195428E+03,2.179847E-01,4.545485E-01,6.414731E+03,8.480665E+03,3.310849E-01,7.419721E-01,4.223395E+03,1.055937E+04,2.179829E-01,9.238359E-01
17:00:00,4.254984E+03,3.657898E+04,2.196175E-01,3.200430E+00,8.530902E+03,2.556361E+04,4.403155E-01,2.236652E+00,1.560975E+04,3.022809E+04,8.056843E-01,2.644750E+00,7.795061E+03,8.410691E+03,4.023270E-01,7.358526E-01,5.203042E+03,5.774425E+03,2.685448E-01,5.052028E-01,7.959922E+03,9.287880E+03,4.108360E-01,8.125926E-01,5.202956E+03,1.141010E+04,2.685403E-01,9.982612E-01,5.212503E+03,6.006490E+03,2.690356E-01,5.255160E-01,3.556617E+03,4.186358E+03,1.835695E-01,3.662679E-01,5.402700E+03,6.853411E+03,2.788524E-01,5.996080E-01,3.556616E+03,9.760374E+03,1.835694E-01,8.539361E-01,6.218468E+03,7.364716E+03,3.209551E-01,6.443433E-01,4.208882E+03,5.117238E+03,2.172338E-01,4.477077E-01,6.392187E+03,8.253135E+03,3.299213E-01,7.220659E-01,4.208848E+03,1.069769E+04,2.172320E-01,9.359364E-01
17:15:00,4.224690E+03,3.653513E+04,2.180539E-01,3.196594E+00,8.472792E+03,2.551905E+04,4.373162E-01,2.232753E+00,1.552091E+04,3.008711E+04,8.010991E-01,2.632415E+00,7.770003E+03,8.360322E+03,4.010337E-01,7.314458E-01,5.186772E+03,5.677272E+03,2.677050E-01,4.967029E-01,7.934561E+03,9.055521E+03,4.095271E-01,7.922640E-01,5.186686E+03,1.145404E+04,2.677006E-01,1.002104E+00,5.196852E+03,5.981334E+03,2.682278E-01,5.233153E-01,3.546148E+03,4.106571E+03,1.830291E-01,3.592872E-01,5.386584E+03,6.642331E+03,2.780206E-01,5.811410E-01,3.546146E+03,9.817320E+03,1.830290E-01,8.589168E-01,6.196869E+03,7.336402E+03,3.198403E-01,6.418662E-01,4.194763E+03,5.034499E+03,2.165050E-01,4.404689E-01,6.370300E+03,8.044168E+03,3.287917E-01,7.037839E-01,4.194728E+03,1.075612E+04,2.165033E-01,9.410470E-01
17:30:00,4.195173E+03,3.649624E+04,2.165304E-01,3.193192E+00,8.415881E+03,2.547934E+04,4.343788E-01,2.229279E+00,1.543479E+04,2.993133E+04,7.966539E-01,2.618785E+00,7.745778E+03,8.324015E+03,3.997833E-01,7.282694E-01,5.171048E+03,5.575955E+03,2.668935E-01,4.878387E-01,7.910048E+03,8.839657E+03,4.082619E-01,7.733786E-01,5.170962E+03,1.141202E+04,2.668890E-01,9.984265E-01,5.181749E+03,5.974301E+03,2.674483E-01,5.227002E-01,3.536050E+03,4.025576E+03,1.825079E-01,3.522010E-01,5.371035E+03,6.452234E+03,2.772180E-01,5.645098E-01,3.536048E+03,9.791919E+03,1.825078E-01,8.566929E-01,6.175880E+03,7.326390E+03,3.187570E-01,6.409905E-01,4.181050E+03,4.950373E+03,2.157973E-01,4.331087E-01,6.349037E+03,7.855793E+03,3.276942E-01,6.873035E-01,4.181016E+03,1.073225E+04,2.157955E-01,9.389568E-01
17:45:00,4.166401E+03,3.646383E+04,2.150454E-01,3.190356E+00,8.360123E+03,2.544591E+04,4.315009E-01,2.226354E+00,1.535125E+04,2.976265E+04,7.923422E-01,2.604027E+00,7.722346E+03,8.293028E+03,3.985739E-01,7.255587E-01,5.155845E+03,5.466683E+03,2.661087E-01,4.782785E-01,7.886343E+03,8.632522E+03,4.070383E-01,7.552569E-01,5.155759E+03,1.127762E+04,2.661043E-01,9.866670E-01,5.167168E+03,5.976517E+03,2.666957E-01,5.228944E-01,3.526306E+03,3.939643E+03,1.820050E-01,3.446827E-01,5.356028E+03,6.275847E+03,2.764435E-01,5.490782E-01,3.526305E+03,9.677680E+03,1.820049E-01,8.466970E-01,6.155474E+03,7.326055E+03,3.177038E-01,6.409615E-01,4.167726E+03,4.861087E+03,2.151096E-01,4.252971E-01,6.328373E+03,7.680291E+03,3.266277E-01,6.719493E-01,4.167692E+03,1.061963E+04,2.151078E-01,9.291026E-01
18:00:00,4.138344E+03,3.643739E+04,2.135973E-01,3.188043E+00,8.305477E+03,2.541822E+04,4.286804E-01,2.223931E+00,1.527018E+04,2.958102E+04,7.881579E-01,2.588136E+00,7.699671E+03,8.266839E+03,3.974036E-01,7.232676E-01,5.141138E+03,5.350433E+03,2.653497E-01,4.681078E-01,7.863408E+03,8.431692E+03,4.058546E-01,7.376867E-01,5.141052E+03,1.105840E+04,2.653453E-01,9.674859E-01,5.153087E+03,5.987190E+03,2.659689E-01,5.238285E-01,3.516902E+03,3.849541E+03,1.815196E-01,3.367996E-01,5.341541E+03,6.111123E+03,2.756957E-01,5.346668E-01,3.516901E+03,9.482360E+03,1.815196E-01,8.296073E-01,6.135630E+03,7.334455E+03,3.166795E-01,6.416966E-01,4.154776E+03,4.767448E+03,2.144412E-01,4.171046E-01,6.308283E+03,7.515150E+03,3.255907E-01,6.575016E-01,4.154743E+03,1.042570E+04,2.144395E-01,9.121350E-01
18:15:00,4.110744E+03,3.641507E+04,2.121727E-01,3.186091E+00,8.251493E+03,2.539414E+04,4.258940E-01,2.221826E+00,1.519094E+04,2.938502E+04,7.840680E-01,2.570987E+00,7.756300E+03,8.239086E+03,4.003264E-01,7.208396E-01,5.179295E+03,5.229193E+03,2.673191E-01,4.575006E-01,7.919788E+03,8.231142E+03,4.087646E-01,7.201410E-01,5.179210E+03,1.075537E+04,2.673147E-01,9.409737E-01,5.182381E+03,6.000196E+03,2.674809E-01,5.249667E-01,3.536225E+03,3.757040E+03,1.825169E-01,3.287066E-01,5.370447E+03,5.955283E+03,2.771877E-01,5.210327E-01,3.536224E+03,9.205797E+03,1.825169E-01,8.054099E-01,6.181676E+03,7.345352E+03,3.190562E-01,6.426502E-01,4.185757E+03,4.671170E+03,2.160402E-01,4.086813E-01,6.354097E+03,7.354271E+03,3.279553E-01,6.434266E-01,4.185723E+03,1.015136E+04,2.160385E-01,8.881325E-01
18:30:00,4.084705E+03,3.639322E+04,2.108287E-01,3.184179E+00,8.199817E+03,2.536982E+04,4.232268E-01,2.219697E+00,1.511597E+04,2.917150E+04,7.801983E-01,2.552305E+00,7.814042E+03,8.193447E+03,4.033066E-01,7.168467E-01,5.218173E+03,5.101693E+03,2.693256E-01,4.463457E-01,7.977297E+03,8.025402E+03,4.117327E-01,7.021411E-01,5.218088E+03,1.036732E+04,2.693212E-01,9.070224E-01,5.212322E+03,5.999369E+03,2.690262E-01,5.248944E-01,3.555978E+03,3.660992E+03,1.835364E-01,3.203033E-01,5.400022E+03,5.797290E+03,2.787141E-01,5.072101E-01,3.555977E+03,8.848168E+03,1.835364E-01,7.741203E-01,6.228509E+03,7.342392E+03,3.214733E-01,6.423914E-01,4.217253E+03,4.571146E+03,2.176658E-01,3.999302E-01,6.400714E+03,7.191872E+03,3.303614E-01,6.292186E-01,4.217219E+03,9.795291E+03,2.176641E-01,8.569794E-01
18:45:00,4.061053E+03,3.636685E+04,2.096079E-01,3.181872E+00,8.151584E+03,2.534048E+04,4.207373E-01,2.217131E+00,1.504724E+04,2.893698E+04,7.766508E-01,2.531787E+00,7.873381E+03,8.100393E+03,4.063683E-01,7.087053E-01,5.258077E+03,4.974140E+03,2.713845E-01,4.351861E-01,8.036414E+03,7.819192E+03,4.147829E-01,6.841000E-01,5.257992E+03,9.872386E+03,2.713802E-01,8.637209E-01,5.243107E+03,5.955999E+03,2.706149E-01,5.210998E-01,3.576287E+03,3.567037E+03,1.845845E-01,3.120832E-01,5.430464E+03,5.642543E+03,2.802850E-01,4.936714E-01,3.576286E+03,8.387879E+03,1.845844E-01,7.338491E-01,6.276416E+03,7.296038E+03,3.239454E-01,6.383357E-01,4.249448E+03,4.473186E+03,2.193271E-01,3.913597E-01,6.448424E+03,7.032373E+03,3.328233E-01,6.152642E-01,4.249415E+03,9.335491E+03,2.193254E-01,8.167512E-01
19:00:00,4.039707E+03,3.633018E+04,2.085062E-01,3.178664E+00,8.106719E+03,2.530059E+04,4.184217E-01,2.213641E+00,1.498508E+04,2.867724E+04,7.734427E-01,2.509061E+00,7.934401E+03,7.950673E+03,4.095158E-01,6.956059E-01,5.299056E+03,4.849349E+03,2.734982E-01,4.242683E-01,8.097214E+03,7.615742E+03,4.179190E-01,6.663004E-01,5.298971E+03,9.282830E+03,2.734939E-01,8.121408E-01,5.274737E+03,5.862251E+03,2.722468E-01,5.128973E-01,3.597151E+03,3.477667E+03,1.856609E-01,3.042642E-01,5.461769E+03,5.494201E+03,2.819002E-01,4.806931E-01,3.597149E+03,7.836631E+03,1.856608E-01,6.856200E-01,6.325403E+03,7.196509E+03,3.264726E-01,6.296275E-01,4.282343E+03,4.379874E+03,2.210240E-01,3.831960E-01,6.497225E+03,6.878628E+03,3.353408E-01,6.018132E-01,4.282311E+03,8.783804E+03,2.210223E-01,7.684840E-01
19:15:00,4.020128E+03,3.627697E+04,2.074956E-01,3.174008E+00,8.064579E+03,2.524399E+04,4.162466E-01,2.208688E+00,1.492873E+04,2.838735E+04,7.705341E-01,2.483697E+00,7.996932E+03,7.761723E+03,4.127405E-01,6.790740E-01,5.341001E+03,4.727562E+03,2.756612E-01,4.136133E-01,8.159522E+03,7.415426E+03,4.211322E-01,6.487750E-01,5.340916E+03,8.635713E+03,2.756569E-01,7.555248E-01,5.307103E+03,5.729872E+03,2.739165E-01,5.013145E-01,3.618497E+03,3.392933E+03,1.867620E-01,2.968509E-01,5.493824E+03,5.352260E+03,2.835537E-01,4.682748E-01,3.618496E+03,7.230306E+03,1.867619E-01,6.325725E-01,6.375331E+03,7.060794E+03,3.290478E-01,6.177530E-01,4.315848E+03,4.291246E+03,2.227521E-01,3.754420E-01,6.546972E+03,6.730680E+03,3.379066E-01,5.888695E-01,4.315816E+03,8.176638E+03,2.227504E-01,7.153630E-01
19:30:00,4.001776E+03,3.620370E+04,2.065484E-01,3.167597E+00,8.024405E+03,2.516714E+04,4.141731E-01,2.201964E+00,1.487742E+04,2.806566E+04,7.678858E-01,2.455552E+00,8.060795E+03,7.535211E+03,4.160336E-01,6.592558E-01,5.383798E+03,4.605330E+03,2.778680E-01,4.029194E-01,8.223161E+03,7.213275E+03,4.244137E-01,6.310891E-01,5.383714E+03,7.969670E+03,2.778636E-01,6.972531E-01,5.340057E+03,5.562449E+03,2.756163E-01,4.866657E-01,3.640234E+03,3.309379E+03,1.878831E-01,2.895408E-01,5.526479E+03,5.211568E+03,2.852381E-01,4.559658E-01,3.640232E+03,6.607293E+03,1.878831E-01,5.780650E-01,6.426005E+03,6.890135E+03,3.316613E-01,6.028213E-01,4.349839E+03,4.203644E+03,2.245051E-01,3.677778E-01,6.597470E+03,6.583217E+03,3.405109E-01,5.759682E-01,4.349807E+03,7.551980E+03,2.245034E-01,6.607119E-01
19:45:00,3.984413E+03,3.611142E+04,2.056522E-01,3.159523E+00,7.985865E+03,2.507091E+04,4.121839E-01,2.193545E+00,1.483075E+04,2.771538E+04,7.654770E-01,2.424904E+00,8.125886E+03,7.287983E+03,4.193900E-01,6.376253E-01,5.427382E+03,4.487818E+03,2.801153E-01,3.926385E-01,8.288025E+03,7.018090E+03,4.277582E-01,6.140125E-01,5.427298E+03,7.325514E+03,2.801109E-01,6.408967E-01,5.373517E+03,5.376859E+03,2.773421E-01,4.704275E-01,3.662307E+03,3.231706E+03,1.890216E-01,2.827453E-01,5.559653E+03,5.079970E+03,2.869491E-01,4.444524E-01,3.662306E+03,6.007465E+03,1.890215E-01,5.255863E-01,6.477324E+03,6.700683E+03,3.343079E-01,5.862455E-01,4.384251E+03,4.121856E+03,2.262797E-01,3.606224E-01,6.648615E+03,6.444406E+03,3.431485E-01,5.638238E-01,4.384219E+03,6.949797E+03,2.262780E-01,6.080275E-01
20:00:00,3.967980E+03,3.600391E+04,2.048040E-01,3.150116E+00,7.948885E+03,2.495882E+04,4.102752E-01,2.183737E+00,1.478841E+04,2.734314E+04,7.632916E-01,2.392335E+00,8.192123E+03,7.025150E+03,4.228055E-01,6.146298E-01,5.471702E+03,4.375335E+03,2.824005E-01,3.827975E-01,8.354034E+03,6.831055E+03,4.311619E-01,5.976492E-01,5.471617E+03,6.713689E+03,2.823961E-01,5.873692E-01,5.407450E+03,5.177530E+03,2.790923E-01,4.529876E-01,3.684695E+03,3.159802E+03,1.901763E-01,2.764546E-01,5.593313E+03,4.957825E+03,2.886851E-01,4.337661E-01,3.684694E+03,5.440413E+03,1.901762E-01,4.759756E-01,6.529249E+03,6.496855E+03,3.369857E-01,5.684121E-01,4.419059E+03,4.045798E+03,2.280747E-01,3.539682E-01,6.700370E+03,6.314811E+03,3.458175E-01,5.524858E-01,4.419027E+03,6.379941E+03,2.280730E-01,5.581717E-01
20:15:00,3.952438E+03,3.588575E+04,2.040019E-01,3.139778E+00,7.913417E+03,2.483544E+04,4.084446E-01,2.172942E+00,1.475007E+04,2.695754E+04,7.613130E-01,2.358598E+00,8.180734E+03,6.757368E+03,4.222144E-01,5.912014E-01,5.464242E+03,4.268135E+03,2.820132E-01,3.734188E-01,8.342414E+03,6.656271E+03,4.305588E-01,5.823576E-01,5.464158E+03,6.147650E+03,2.820089E-01,5.378478E-01,5.398858E+03,4.974114E+03,2.786476E-01,4.351902E-01,3.678932E+03,3.093420E+03,1.898779E-01,2.706470E-01,5.584459E+03,4.845255E+03,2.882268E-01,4.239176E-01,3.678930E+03,4.920303E+03,1.898779E-01,4.304720E-01,6.516292E+03,6.288363E+03,3.363147E-01,5.501709E-01,4.410605E+03,3.975209E+03,2.276368E-01,3.477926E-01,6.687247E+03,6.197664E+03,3.451379E-01,5.422369E-01,4.410573E+03,5.855222E+03,2.276351E-01,5.122652E-01
20:30:00,3.936918E+03,3.576248E+04,2.032008E-01,3.128993E+00,7.878282E+03,2.470637E+04,4.066311E-01,2.161648E+00,1.471363E+04,2.656775E+04,7.594321E-01,2.324495E+00,8.169943E+03,6.498901E+03,4.216543E-01,5.685881E-01,5.457170E+03,4.168622E+03,2.816460E-01,3.647127E-01,8.331388E+03,6.493444E+03,4.299866E-01,5.681122E-01,5.457085E+03,5.641451E+03,2.816417E-01,4.935618E-01,5.390525E+03,4.779402E+03,2.782163E-01,4.181546E-01,3.673347E+03,3.034406E+03,1.895888E-01,2.654840E-01,5.575871E+03,4.745954E+03,2.877823E-01,4.152299E-01,3.673345E+03,4.459319E+03,1.895887E-01,3.901415E-01,6.503652E+03,6.088599E+03,3.356602E-01,5.326935E-01,4.402363E+03,3.911989E+03,2.272099E-01,3.422617E-01,6.674439E+03,6.091955E+03,3.444747E-01,5.329887E-01,4.402331E+03,5.389075E+03,2.272082E-01,4.714833E-01
20:45:00,3.920293E+03,3.564034E+04,2.023427E-01,3.118306E+00,7.841828E+03,2.457741E+04,4.047495E-01,2.150366E+00,1.467623E+04,2.618273E+04,7.575014E-01,2.290809E+00,8.159069E+03,6.274631E+03,4.210907E-01,5.489670E-01,5.450053E+03,4.071954E+03,2.812771E-01,3.562554E-01,8.320280E+03,6.336782E+03,4.294108E-01,5.544062E-01,5.449968E+03,5.229451E+03,2.812727E-01,4.575173E-01,5.382142E+03,4.616798E+03,2.777826E-01,4.039284E-01,3.667741E+03,2.977810E+03,1.892988E-01,2.605326E-01,5.567238E+03,4.652496E+03,2.873357E-01,4.070536E-01,3.667740E+03,4.090966E+03,1.892987E-01,3.579154E-01,6.490895E+03,5.921599E+03,3.350001E-01,5.180828E-01,4.394054E+03,3.850966E+03,2.267798E-01,3.369229E-01,6.661511E+03,5.991350E+03,3.438057E-01,5.241871E-01,4.394022E+03,5.015296E+03,2.267782E-01,4.387825E-01
21:00:00,3.902598E+03,3.552508E+04,2.014294E-01,3.108223E+00,7.804087E+03,2.445401E+04,4.028016E-01,2.139569E+00,1.463726E+04,2.581095E+04,7.554901E-01,2.258281E+00,8.147945E+03,6.090891E+03,4.205152E-01,5.328921E-01,5.442788E+03,3.976516E+03,2.809013E-01,3.479057E-01,8.308929E+03,6.184248E+03,4.288237E-01,5.410613E-01,5.442704E+03,4.920057E+03,2.808969E-01,4.304499E-01,5.373673E+03,4.490198E+03,2.773448E-01,3.928526E-01,3.662094E+03,2.921719E+03,1.890068E-01,2.556253E-01,5.558528E+03,4.561793E+03,2.868855E-01,3.991182E-01,3.662092E+03,3.823137E+03,1.890068E-01,3.344842E-01,6.477978E+03,5.793090E+03,3.343324E-01,5.068400E-01,4.385654E+03,3.790143E+03,2.263456E-01,3.316017E-01,6.648426E+03,5.893213E+03,3.431293E-01,5.156013E-01,4.385622E+03,4.741954E+03,2.263439E-01,4.148692E-01
21:15:00,3.884398E+03,3.542107E+04,2.004900E-01,3.099123E+00,7.765771E+03,2.434037E+04,4.008239E-01,2.129627E+00,1.459737E+04,2.545950E+04,7.534314E-01,2.227532E+00,8.136694E+03,5.929585E+03,4.199340E-01,5.187802E-01,5.435456E+03,3.883641E+03,2.805224E-01,3.397802E-01,8.297464E+03,6.037603E+03,4.282314E-01,5.282316E-01,5.435371E+03,4.692768E+03,2.805181E-01,4.105658E-01,5.365218E+03,4.386610E+03,2.769080E-01,3.837903E-01,3.656468E+03,2.867030E+03,1.887162E-01,2.508407E-01,5.549844E+03,4.474852E+03,2.864369E-01,3.915120E-01,3.656467E+03,3.635472E+03,1.887162E-01,3.180666E-01,6.465042E+03,5.684573E+03,3.336641E-01,4.973466E-01,4.377252E+03,3.730455E+03,2.259116E-01,3.263797E-01,6.635330E+03,5.798688E+03,3.424528E-01,5.073316E-01,4.377220E+03,4.548505E+03,2.259099E-01,3.979457E-01
21:30:00,3.866213E+03,3.532959E+04,1.995514E-01,3.091120E+00,7.727618E+03,2.423775E+04,3.988547E-01,2.120648E+00,1.455711E+04,2.513220E+04,7.513533E-01,2.198897E+00,8.125433E+03,5.789739E+03,4.193526E-01,5.065457E-01,5.428127E+03,3.797964E+03,2.801441E-01,3.322845E-01,8.286002E+03,5.903669E+03,4.276396E-01,5.165140E-01,5.428043E+03,4.515656E+03,2.801398E-01,3.950716E-01,5.356903E+03,4.302382E+03,2.764786E-01,3.764218E-01,3.650943E+03,2.817767E+03,1.884309E-01,2.465307E-01,5.541311E+03,4.397513E+03,2.859963E-01,3.847457E-01,3.650942E+03,3.495481E+03,1.884309E-01,3.058201E-01,6.452258E+03,5.594525E+03,3.330040E-01,4.894689E-01,4.368956E+03,3.676131E+03,2.254833E-01,3.216270E-01,6.622395E+03,5.713966E+03,3.417850E-01,4.999194E-01,4.368925E+03,4.402943E+03,2.254817E-01,3.852118E-01
21:45:00,3.848253E+03,3.524891E+04,1.986244E-01,3.084061E+00,7.689927E+03,2.414452E+04,3.969093E-01,2.112492E+00,1.451666E+04,2.482870E+04,7.492656E-01,2.172343E+00,8.114205E+03,5.662831E+03,4.187730E-01,4.954432E-01,5.420830E+03,3.717533E+03,2.797675E-01,3.252478E-01,8.274584E+03,5.778937E+03,4.270502E-01,5.056015E-01,5.420746E+03,4.365123E+03,2.797631E-01,3.819026E-01,5.348784E+03,4.228179E+03,2.760595E-01,3.699303E-01,3.645555E+03,2.771849E+03,1.881527E-01,2.425134E-01,5.532987E+03,4.326146E+03,2.855665E-01,3.785020E-01,3.645553E+03,3.379854E+03,1.881527E-01,2.957050E-01,6.439705E+03,5.514210E+03,3.323561E-01,4.824427E-01,4.360818E+03,3.625048E+03,2.250632E-01,3.171579E-01,6.609701E+03,5.635291E+03,3.411297E-01,4.930363E-01,4.360786E+03,4.281813E+03,2.250615E-01,3.746152E-01
22:00:00,3.830548E+03,3.517637E+04,1.977106E-01,3.077715E+00,7.652731E+03,2.405821E+04,3.949894E-01,2.104941E+00,1.447614E+04,2.454687E+04,7.471743E-01,2.147687E+00,8.103034E+03,5.545377E+03,4.181964E-01,4.851676E-01,5.413580E+03,3.641498E+03,2.793932E-01,3.185957E-01,8.263236E+03,5.661776E+03,4.264645E-01,4.953514E-01,5.413496E+03,4.232780E+03,2.793889E-01,3.703247E-01,5.340871E+03,4.160504E+03,2.756510E-01,3.640099E-01,3.640308E+03,2.728413E+03,1.878819E-01,2.387133E-01,5.524879E+03,4.259168E+03,2.851480E-01,3.726423E-01,3.640306E+03,3.280352E+03,1.878818E-01,2.870003E-01,6.427397E+03,5.440071E+03,3.317207E-01,4.759566E-01,4.352842E+03,3.576298E+03,2.246515E-01,3.128928E-01,6.597258E+03,5.560957E+03,3.404874E-01,4.865331E-01,4.352811E+03,4.176732E+03,2.246499E-01,3.654225E-01
22:15:00,3.343906E+03,3.182230E+04,1.725930E-01,2.766206E+00,6.679729E+03,2.101294E+04,3.447687E-01,1.838499E+00,1.264882E+04,2.135183E+04,6.528584E-01,1.868142E+00,7.085235E+03,4.799663E+03,3.656679E-01,4.199249E-01,4.733688E+03,3.152358E+03,2.443042E-01,2.758008E-01,7.225332E+03,4.901711E+03,3.728984E-01,4.288531E-01,4.733614E+03,3.644421E+03,2.443004E-01,3.188496E-01,4.669752E+03,3.610320E+03,2.410134E-01,3.158735E-01,3.182940E+03,2.368080E+03,1.642764E-01,2.071873E-01,4.830671E+03,3.697027E+03,2.493187E-01,3.234598E-01,3.182939E+03,2.825834E+03,1.642764E-01,2.472345E-01,5.618527E+03,4.727181E+03,2.899746E-01,4.135855E-01,3.805208E+03,3.107694E+03,1.963879E-01,2.718945E-01,5.767096E+03,4.832931E+03,2.976423E-01,4.228376E-01,3.805181E+03,3.610725E+03,1.963865E-01,3.158529E-01
22:30:00,2.859554E+03,2.925173E+04,1.475935E-01,2.509967E+00,5.711529E+03,1.841337E+04,2.947959E-01,1.603839E+00,1.082657E+04,1.860100E+04,5.588043E-01,1.620797E+00,6.068857E+03,4.098522E+03,3.132128E-01,3.581242E-01,4.054721E+03,2.695029E+03,2.092629E-01,2.354332E-01,6.188875E+03,4.193055E+03,3.194069E-01,3.662664E-01,4.054658E+03,3.117853E+03,2.092596E-01,2.721040E-01,3.999685E+03,3.070076E+03,2.064301E-01,2.686068E-01,2.726273E+03,2.013759E+03,1.407071E-01,1.761873E-01,4.137544E+03,3.144289E+03,2.135453E-01,2.750998E-01,2.726272E+03,2.387463E+03,1.407070E-01,2.088813E-01,4.811273E+03,4.064305E+03,2.483118E-01,3.549217E-01,3.258622E+03,2.673106E+03,1.681784E-01,2.334122E-01,4.938568E+03,4.159545E+03,2.548816E-01,3.631788E-01,3.258599E+03,3.104903E+03,1.681772E-01,2.708278E-01
22:45:00,2.377477E+03,2.694178E+04,1.227115E-01,2.272179E+00,4.748091E+03,1.602358E+04,2.450688E-01,1.384074E+00,9.009421E+03,1.608003E+04,4.650139E-01,1.390175E+00,5.053897E+03,3.437171E+03,2.608308E-01,2.994417E-01,3.383797E+03,2.262962E+03,1.745567E-01,1.970476E-01,5.153860E+03,3.524038E+03,2.659900E-01,3.067872E-01,3.383753E+03,2.638439E+03,1.745543E-01,2.289784E-01,3.330649E+03,2.538923E+03,1.719001E-01,2.221353E-01,2.270290E+03,1.665156E+03,1.171731E-01,1.456874E-01,3.445473E+03,2.600410E+03,1.778264E-01,2.275149E-01,2.270289E+03,1.973046E+03,1.171731E-01,1.724701E-01,4.005608E+03,3.434036E+03,2.067311E-01,2.987737E-01,2.713067E+03,2.259438E+03,1.400222E-01,1.965366E-01,4.111647E+03,3.518978E+03,2.122038E-01,3.060358E-01,2.713047E+03,2.643755E+03,1.400212E-01,2.291890E-01
23:00:00,1.897647E+03,2.479955E+04,9.794549E-02,2.046364E+00,3.789356E+03,1.378289E+04,1.955845E-01,1.174929E+00,7.197391E+03,1.372523E+04,3.714875E-01,1.171832E+00,4.065417E+03,2.841152E+03,2.095436E-01,2.455932E-01,2.750551E+03,1.871690E+03,1.413864E-01,1.616862E-01,4.169374E+03,2.917964E+03,2.146404E-01,2.519719E-01,2.750526E+03,2.193933E+03,1.413849E-01,1.885880E-01,2.662618E+03,2.053341E+03,1.374219E-01,1.790420E-01,1.814973E+03,1.348530E+03,9.367351E-02,1.175555E-01,2.754432E+03,2.111245E+03,1.421607E-01,1.839700E-01,1.814972E+03,1.613917E+03,9.367347E-02,1.401765E-01,3.201501E+03,2.860026E+03,1.652308E-01,2.467212E-01,2.168521E+03,1.882361E+03,1.119180E-01,1.623281E-01,3.286302E+03,2.934886E+03,1.696074E-01,2.530060E-01,2.168506E+03,2.216572E+03,1.119172E-01,1.901548E-01
23:15:00,1.420025E+03,2.273868E+04,7.329344E-02,1.826422E+00,2.835254E+03,1.163867E+04,1.463393E-01,9.727538E-01,5.390465E+03,1.148460E+04,2.782245E-01,9.621020E-01,3.169785E+03,2.268075E+03,1.620100E-01,1.935687E-01,2.165162E+03,1.495329E+03,1.101442E-01,1.275157E-01,3.263609E+03,2.335180E+03,1.664654E-01,1.990119E-01,2.165150E+03,1.774398E+03,1.101434E-01,1.502089E-01,1.995565E+03,1.606302E+03,1.029943E-01,1.387770E-01,1.360304E+03,1.054390E+03,7.020737E-02,9.107673E-02,2.064393E+03,1.655400E+03,1.065466E-01,1.428696E-01,1.360304E+03,1.267175E+03,7.020734E-02,1.089075E-01,2.398920E+03,2.306707E+03,1.238093E-01,1.962511E-01,1.624964E+03,1.519415E+03,8.386485E-02,1.292025E-01,2.462499E+03,2.372893E+03,1.270906E-01,2.016642E-01,1.624952E+03,1.812184E+03,8.386426E-02,1.529230E-01
23:30:00,9.445712E+02,2.072301E+04,4.875327E-02,1.609799E+00,1.885709E+03,9.566238E+03,9.732932E-02,7.758035E-01,3.588618E+03,9.334127E+03,1.852236E-01,7.592533E-01,2.316374E+03,1.707932E+03,1.161688E-01,1.426772E-01,1.609080E+03,1.129022E+03,8.008336E-02,9.420175E-02,2.402330E+03,1.767812E+03,1.200796E-01,1.473640E-01,1.609080E+03,1.375378E+03,8.008313E-02,1.135047E-01,1.329463E+03,1.134484E+03,6.861567E-02,9.689179E-02,9.062648E+02,7.471266E+02,4.677370E-02,6.375870E-02,1.375327E+03,1.178259E+03,7.098283E-02,1.003987E-01,9.062645E+02,9.254548E+02,4.677368E-02,7.815925E-02,1.597832E+03,1.765746E+03,8.246475E-02,1.467930E-01,1.082373E+03,1.165490E+03,5.586155E-02,9.681017E-02,1.640203E+03,1.824823E+03,8.465157E-02,1.514502E-01,1.082365E+03,1.425929E+03,5.586116E-02,1.171481E-01
23:45:00,4.712433E+02,1.874606E+04,2.432284E-02,1.396029E+00,9.406487E+02,7.535606E+03,4.855081E-02,5.819590E-01,1.791812E+03,7.241214E+03,9.248293E-02,5.609564E-01,1.485571E+03,1.166889E+03,7.125172E-02,9.334128E-02,1.072494E+03,7.751644E+02,5.081609E-02,6.190676E-02,1.566771E+03,1.219538E+03,7.474327E-02,9.727675E-02,1.072509E+03,9.911225E+02,5.081655E-02,7.805282E-02,6.642832E+02,6.850089E+02,3.428471E-02,5.670145E-02,4.528361E+02,4.534878E+02,2.337156E-02,3.748372E-02,6.872053E+02,7.223438E+02,3.546776E-02,5.954955E-02,4.528360E+02,5.969026E+02,2.337155E-02,4.849208E-02,7.982025E+02,1.240403E+03,4.119556E-02,9.857106E-02,5.560580E+02,8.218510E+02,2.852416E-02,6.523771E-02,8.193814E+02,1.292431E+03,4.228862E-02,1.024828E-01,5.560723E+02,1.052419E+03,2.852469E-02,8.243656E-02
24:00:00,0.000000E+00,1.680214E+04,0.000000E+00,1.184703E+00,0.000000E+00,5.541340E+03,0.000000E+00,3.908338E-01,0.000000E+00,5.199413E+03,0.000000E+00,3.667291E-01,6.868024E+02,6.405767E+02,2.763746E-02,4.524263E-02,5.547970E+02,4.311480E+02,2.231783E-02,3.044094E-02,7.611422E+02,6.863215E+02,3.062534E-02,4.845623E-02,5.548246E+02,6.195718E+02,2.231893E-02,4.369332E-02,0.000000E+00,2.450326E+02,0.000000E+00,1.729466E-02,0.000000E+00,1.663153E+02,0.000000E+00,1.174422E-02,0.000000E+00,2.762265E+02,0.000000E+00,1.951115E-02,0.000000E+00,2.773883E+02,0.000000E+00,1.960354E-02,0.000000E+00,7.268730E+02,0.000000E+00,5.131226E-02,4.409712E+01,4.861947E+02,1.773259E-03,3.432024E-02,1.933021E+01,7.721384E+02,7.783379E-04,5.450568E-02,4.412170E+01,6.897094E+02,1.774246E-03,4.864064E-02
Peak,6.559405E+03,3.985473E+04,3.347410E-01,3.467616E+00,1.230504E+04,2.892311E+04,6.307534E-01,2.515500E+00,2.319091E+04,3.065025E+04,1.191270E+00,2.681690E+00,1.017063E+04,8.699040E+03,5.231513E-01,7.610817E-01,6.757689E+03,1.026053E+04,3.476183E-01,8.932122E-01,1.035738E+04,1.180276E+04,5.327699E-01,1.032622E+00,6.757572E+03,1.145404E+04,3.476123E-01,1.002104E+00,6.685745E+03,6.248390E+03,3.436877E-01,5.466812E-01,4.555084E+03,9.319844E+03,2.341907E-01,8.113132E-01,6.914119E+03,9.437598E+03,3.554512E-01,8.257040E-01,4.555081E+03,9.817320E+03,2.341905E-01,8.589168E-01,7.962649E+03,7.624355E+03,4.094519E-01,6.670603E-01,5.369360E+03,1.031260E+04,2.761276E-01,8.976884E-01,8.162678E+03,1.084811E+04,4.197550E-01,9.491038E-01,5.369314E+03,1.075612E+04,2.761253E-01,9.410470E-01

Peak Vol Flow (m3/s),,,3.424679E-01,3.547660E+00,,,6.453132E-01,2.573565E+00,,,1.218768E+00,2.743592E+00,,,5.352273E-01,7.786499E-01,,,3.556425E-01,9.138304E-01,,,5.450679E-01,1.056458E+00,,,3.556364E-01,1.025235E+00,,,3.516211E-01,5.593004E-01,,,2.395966E-01,8.300409E-01,,,3.636562E-01,8.447639E-01,,,2.395964E-01,8.787433E-01,,,4.189033E-01,6.824582E-01,,,2.825015E-01,9.184099E-01,,,4.294443E-01,9.710122E-01,,,2.824992E-01,9.627694E-01
